name;link;address;lat;lon;categoryName;openingHours/0/day;openingHours/0/hours;openingHours/1/day;openingHours/1/hours;openingHours/2/day;openingHours/2/hours;openingHours/3/day;openingHours/3/hours;openingHours/4/day;openingHours/4/hours;openingHours/5/day;openingHours/5/hours;openingHours/6/day;openingHours/6/hours;permanentlyClosed;franchisePartner;rating;reviewCount
Café Guayacán;https://europeancoffeetrip.com/cafe/cafesguayacan-madrid/;Calle Fernández de los Ríos 26, Madrid, Spain;40.4350995;-3.7071314;Café;;;;;;;;;;;;;;;;FALSE;3.7;120
MINA SPECIALTY COFFEE;https://europeancoffeetrip.com/cafe/minaspecialtycoffee-madrid/;Calle Príncipe de Vergara 109, 28002 Madrid, Spain;40.4396396;-3.6791679;Café;;;;;;;;;;;;;;;;FALSE;3.6;73
[B]-bar;https://europeancoffeetrip.com/cafe/bbar-madrid/;C. de la Fuente del Berro 15, 28009 Madrid, Spain;40.4238499;-3.6709999;Café;;;;;;;;;;;;;;;;FALSE;3.9;146
Hanso 2;https://europeancoffeetrip.com/cafe/hanso2-madrid/;Cost.ª de los Ángeles, 7, 28013 Madrid, Spain;40.4186876;-3.7083502;Café;;;;;;;;;;;;;;;;FALSE;3.7;120
BRUTAL COFFEE;https://europeancoffeetrip.com/cafe/brutalcoffee-madrid/;Pl. del Ángel, 5, 28012 Madrid, Spain;40.4143183;-3.7018737;Café;;;;;;;;;;;;;;;;FALSE;3.8;174
East Crema Coffee Hermosilla;https://europeancoffeetrip.com/cafe/eastcrema-madrid/;C. de Hermosilla, 38, 28001 Madrid, Spain;40.4262072;-3.6830954;Café;;;;;;;;;;;;;;;;FALSE;3.6;255
ÖSS Kaffe;https://europeancoffeetrip.com/cafe/osskaffe-madrid/;Calle de Manuel Cortina, 1, 28010 Madrid, Spain;40.4307563;-3.6990676;Café;;;;;;;;;;;;;;;;FALSE;4.0;120
Ruda Café;https://europeancoffeetrip.com/cafe/rudacafe-madrid/;Calle de la Ruda 11, 28005 Madrid, Spain;40.4103864;-3.7080285;Café;;;;;;;;;;;;;;;;FALSE;3.4;61
COFI.;https://europeancoffeetrip.com/cafe/cofi-madrid/;Calle del Acuerdo, 36, 28015 Madrid, Spain;40.4290587;-3.7077288;Café;;;;;;;;;;;;;;;;FALSE;3.7;346
Toma Café Olavide;https://europeancoffeetrip.com/cafe/tomacafeolavide2-madrid/;C. de Sta. Feliciana, 5, 28010 Madrid, Spain;40.4331089;-3.7000696;Café;;;;;;;;;;;;;;;;FALSE;2.3;44
East Crema Coffee Príncipe;https://europeancoffeetrip.com/cafe/eastcremacoffeeprincipe-madrid/;C. del Príncipe de Vergara, 254, 28016 Madrid, Spain;40.4555656;-3.6769067;Café;;;;;;;;;;;;;;;;FALSE;3.3;234
East Crema Coffee Alfonso X;https://europeancoffeetrip.com/cafe/eastcremacoffeealfonsox-madrid/;C. de Alfonso X, 5, 28010 Madrid, Spain;40.4334731;-3.6921397;Café;;;;;;;;;;;;;;;;FALSE;2.2;122
NEPO CAFÉ;https://europeancoffeetrip.com/cafe/nepocafe-madrid/;Av. de Juan XXIII, 19, 28224 Madrid, Spain;40.44451;-3.8081172;Café;;;;;;;;;;;;;;;;FALSE;3.4;350
Drømme Kaffe House;https://europeancoffeetrip.com/cafe/drommekaffehouse-madrid/;C. de Juana Doña, 8, 28045 Madrid, Spain;40.395752;-3.6928637;Café;;;;;;;;;;;;;;;;FALSE;3.8;558
HanSo Café;https://europeancoffeetrip.com/cafe/hansocafe-madrid/;Corre. Baja de San Pablo, 51, 28004 Madrid, Spain;40.4235671;-3.7026322;Café;;;;;;;;;;;;;;;;FALSE;3.1;182
ACID Café;https://europeancoffeetrip.com/cafe/acidcafe-madrid/;C. de la Verónica, 9, 28014 Madrid, Spain;40.4118739;-3.6949317;Café;;;;;;;;;;;;;;;;FALSE;4.8;101
Plein Cafe & Deli;https://europeancoffeetrip.com/cafe/plein-madrid/;Veneros 2, 28221 Madrid, Spain;40.4689244;-3.8527758;Café;;;;;;;;;;;;;;;;FALSE;3.8;390
Pum pum bakery;https://europeancoffeetrip.com/cafe/pumpumbakery-madrid/;C. de la Esgrima, 1, 28012 Madrid, Spain;40.4113537;-3.7039329;Café;;;;;;;;;;;;;;;;FALSE;4.6;528
Hola Coffee;https://europeancoffeetrip.com/cafe/holacoffee-madrid/;Calle del Dr. Fourquet, 33, 28012 Madrid, Spain;40.4069806;-3.6990362;Café;;;;;;;;;;;;;;;;FALSE;4.4;75
East Crema Coffee Conde;https://europeancoffeetrip.com/cafe/eastcremacoffeeconde-madrid/;C. del Conde de Peñalver, 20, 28006 Madrid, Spain;40.4268974;-3.6753581;Café;;;;;;;;;;;;;;;;FALSE;4.2;166
Nopa Bagels;https://europeancoffeetrip.com/cafe/nopabagels-madrid/;Calle Meléndez Valdés 51, 28015 Madrid, Spain;40.4329691;-3.7149788;Café;;;;;;;;;;;;;;;;FALSE;3.9;151
Pastora;https://europeancoffeetrip.com/cafe/pastora-madrid/;Carrera de San Francisco, 12, 28005 Madrid, Spain;40.4109468;-3.7130715;Café;;;;;;;;;;;;;;;;FALSE;3.3;68
Hey My Coffee - Goya;https://europeancoffeetrip.com/cafe/heymycoffee-madrid/;Calle del General Díaz Porlier, 34, 28001 Madrid, Spain;40.427983;-3.676887;Café;;;;;;;;;;;;;;;;FALSE;2.5;335
Etual Café;https://europeancoffeetrip.com/cafe/etualcafe-madrid/;C. de la Alameda, 8, Centro, 28014 Madrid, Spain;40.4121475;-3.693932;Café;;;;;;;;;;;;;;;;FALSE;3.6;71
Ambu Coffee 3;https://europeancoffeetrip.com/cafe/ambucoffee3-madrid/;C. de las Huertas, 17, 28012 Madrid, Spain;40.4138499;-3.6997559;Café;;;;;;;;;;;;;;;;FALSE;4.3;121
DABOV Specialty Coffee Madrid;https://europeancoffeetrip.com/cafe/dabov-madrid/;C. de Sta. Isabel, 42, 28012 Madrid, Spain;40.4101374;-3.697467;Café;;;;;;;;;;;;;;;;FALSE;3.4;192
Religion Speciality Coffee;https://europeancoffeetrip.com/cafe/religionspecialtycoffee-madrid/;Calle de María de Molina, 24, 28006 Madrid, Spain;40.4375899;-3.6850623;Café;;;;;;;;;;;;;;;;FALSE;3.1;369
Aroma and Bread;https://europeancoffeetrip.com/cafe/aromaandbread-madrid/;Calle de Apodaca, 10, 28004 Madrid, Spain;40.4273167;-3.7004763;Café;;;;;;;;;;;;;;;;FALSE;2.3;121
Bucólico Café;https://europeancoffeetrip.com/cafe/bucolicocafe-madrid/;C. de Barbieri, 4, 28004 Madrid, Spain;40.4206889;-3.6982409;Café;;;;;;;;;;;;;;;;FALSE;3.2;111
Bocono Coffee;https://europeancoffeetrip.com/cafe/boconocoffee-madrid/;C. de Embajadores, 3, 28012 Madrid, Spain;40.410572;-3.7067046;Café;;;;;;;;;;;;;;;;FALSE;4.4;332
East Crema Coffee Eloy;https://europeancoffeetrip.com/cafe/eastcremacoffeeeloy-madrid/;C. de Eloy Gonzalo, 28, 28010 Madrid, Spain;40.4343482;-3.7006447;Café;;;;;;;;;;;;;;;;FALSE;3.4;210
Sood Coffee;https://europeancoffeetrip.com/cafe/sood-coffee-madrid/;C. de Menorca, 22, Retiro, 28009 Madrid, Spain;40.4193598;-3.6765482;Café;;;;;;;;;;;;;;;;FALSE;4.2;169
The Fix;https://europeancoffeetrip.com/cafe/thefix-madrid/;Calle de Luisa Fernanda, 15, 28008 Madrid, Spain;;;Café;;;;;;;;;;;;;;;;FALSE;2.5;98
Masamune Specialty Coffee;https://europeancoffeetrip.com/cafe/Masamune-madrid/;Calle de la Palma 2, 28004 Madrid, Spain;40.4261401;-3.7014788;Café;;;;;;;;;;;;;;;;FALSE;3.3;61
East Crema Coffee Diego;https://europeancoffeetrip.com/cafe/eastcremacoffeediego-madrid/;Calle de Diego de León, 12, 28006 Madrid, Spain;40.434891;-3.6846829;Café;;;;;;;;;;;;;;;;FALSE;4.3;274
Geisha Specialty Coffee;https://europeancoffeetrip.com/cafe/geisha-madrid/;Calle de las Navas de Tolosa, 6, 28013 Madrid, Spain;40.419227;-3.7066095;Café;;;;;;;;;;;;;;;;FALSE;3.0;36
OSOM Specialty Coffee;https://europeancoffeetrip.com/cafe/osomspecialtycoffee-madrid/;Calle de Sta. Teresa, 2, 28004 Madrid, Spain;40.4262223;-3.6965922;Café;;;;;;;;;;;;;;;;FALSE;3.8;253
Faraday;https://europeancoffeetrip.com/cafe/faraday-madrid/;Calle San Lucas, 9, 28004 Madrid, Spain;40.4914016;-3.8627683;Café;;;;;;;;;;;;;;;;FALSE;2.2;423
Siniestro Cafe;https://europeancoffeetrip.com/cafe/siniestro-madrid/;Calle del Conde Duque 5, 28015 Madrid, Spain;40.4261719;-3.7113935;Café;;;;;;;;;;;;;;;;FALSE;3.8;21
Oways Café;https://europeancoffeetrip.com/cafe/owayscafe-madrid/;Pl. de los Mostenses, 6, 28015 Madrid, Spain;40.4235538;-3.7086862;Café;;;;;;;;;;;;;;;;FALSE;4.6;68
Ambu Coffee 2;https://europeancoffeetrip.com/cafe/ambucoffee2-madrid/;C. de Núñez de Balboa, 28, 28001 Madrid, Spain;40.4255476;-3.6826625;Café;;;;;;;;;;;;;;;;FALSE;3.8;104
Monkee;https://europeancoffeetrip.com/cafe/monkeekoffee-madrid/;Calle de Vallehermoso, 112, 28003 Madrid, Spain;40.4403973;-3.7079523;Café;;;;;;;;;;;;;;;;FALSE;3.6;21
Ambu Coffee;https://europeancoffeetrip.com/cafe/ambucoffee-madrid/;C. del Pez, 36, 28004 Madrid, Spain;40.4242997;-3.7064353;Café;;;;;;;;;;;;;;;;FALSE;3.6;319
Holgura x Placeo;https://europeancoffeetrip.com/cafe/holguraxplaceo-madrid/;C. de Belmonte de Tajo, 34, 28019 Madrid, Spain;40.3923812;-3.7197961;Café;;;;;;;;;;;;;;;;FALSE;2.6;100
Bianchi Kiosko Caffé;https://europeancoffeetrip.com/cafe/bianchikioskocaffe-madrid/;C. de San Joaquín, 9, 28004 Madrid, Spain;40.424386;-3.701668;Café;;;;;;;;;;;;;;;;FALSE;2.5;128
Cafeteando;https://europeancoffeetrip.com/cafe/cafeteando-madrid/;Plaza de Olavide, 10, 28010 Madrid, Spain;40.4331127;-3.7005457;Café;;;;;;;;;;;;;;;;FALSE;4.0;571
Placeo Coffee;https://europeancoffeetrip.com/cafe/placeocoffeealonsocano-madrid/;C. de Alonso Cano 79, 28003 Madrid, Spain;40.4423982;-3.6974621;Café;;;;;;;;;;;;;;;;FALSE;3.8;204
Santa Kafeina;https://europeancoffeetrip.com/cafe/santakafeina-madrid/;Calle de Viriato 37, 28010 Madrid, Spain;40.4359141;-3.700111;Café;;;;;;;;;;;;;;;;FALSE;4.8;129
Pum pum Cafe;https://europeancoffeetrip.com/cafe/pumpumcafe-madrid/;C. de Tribulete, 6, 28012 Madrid, Spain;40.4081399;-3.7019197;Café;;;;;;;;;;;;;;;;FALSE;3.9;85
UMAMI SPECIALTY COFFEE;https://europeancoffeetrip.com/cafe/umamispecialtycoffee-madrid/;C. de la Alameda, 1, Centro, 28014 Madrid, Spain;40.4124326;-3.6938333;Café;;;;;;;;;;;;;;;;FALSE;3.1;401
Dot Café Bar;https://europeancoffeetrip.com/cafe/dotcafebar-madrid/;C. de Eugenio Sellés, 6, Arganzuela, 28045 Madrid, Spain;40.3960001;-3.6988492;Café;;;;;;;;;;;;;;;;FALSE;3.6;75
Angélica;https://europeancoffeetrip.com/cafe/angelica-madrid/;C. de San Bernardo, 24, 28015 Madrid, Spain;40.4231356;-3.7072785;Café;;;;;;;;;;;;;;;;FALSE;4.3;256
Rebel Cafe;https://europeancoffeetrip.com/cafe/rebel-madrid/;C. de Ponzano, 90, 28003 Madrid, Spain;40.4453028;-3.6986409;Café;;;;;;;;;;;;;;;;FALSE;2.9;350
Misión Café;https://europeancoffeetrip.com/cafe/misioncafe-madrid/;C. de los Reyes, 5, 28015 Madrid, Spain;40.4242373;-3.7088123;Café;;;;;;;;;;;;;;;;FALSE;3.5;184
Toma Café;https://europeancoffeetrip.com/cafe/tomacafe-madrid/;C. de la Palma, 49, 28004 Madrid, Spain;40.4264935;-3.7058978;Café;;;;;;;;;;;;;;;;FALSE;2.4;499
East Crema Coffee Almirante;https://europeancoffeetrip.com/cafe/eastcremacoffee-madrid/;Calle del Almte., 10, 28004 Madrid, Spain;;;Café;;;;;;;;;;;;;;;;FALSE;3.3;304
Hey My Coffee - Sol;https://europeancoffeetrip.com/cafe/heymycoffee-sol-madrid/;Calle de Tetuan 22, 28013 Madrid, Spain;40.4177833;-3.7033467;Café;;;;;;;;;;;;;;;;FALSE;4.4;336
Slow Café;https://europeancoffeetrip.com/cafe/slowcafe-madrid/;C. del Mediodía Grande, 20, Centro, 28005 Madrid, Spain;40.4101509;-3.711582;Café;;;;;;;;;;;;;;;;FALSE;3.3;243
Kissaten Place;https://europeancoffeetrip.com/cafe/kissatenplace-madrid/;Calle Menorca, 5., 28009 Madrid, Spain;40.4319025;-3.8161938;Café;;;;;;;;;;;;;;;;FALSE;3.8;198
Syra Coffee - Santa Isabel;https://europeancoffeetrip.com/cafe/syracoffee-santaisabel-madrid/;C. de Sta. Isabel, 15, 28012 Madrid, Spain;40.4108358;-3.698046;Café;;;;;;;;;;;;;;;;FALSE;2.5;329
East Crema Coffee Nieremberg;https://europeancoffeetrip.com/cafe/eastcremacoffeenieremberg-madrid/;C. de Nieremberg, 21, 28002 Madrid, Spain;40.4479749;-3.672441;Café;;;;;;;;;;;;;;;;FALSE;3.1;216
Utøpico - Specialty Coffee;https://europeancoffeetrip.com/cafe/utopicocafe-madrid/;Calle de Juan Bravo, 27, 28006 Madrid, Spain;40.432448;-3.6772827;Café;;;;;;;;;;;;;;;;FALSE;3.5;51
Nomade Cafe;https://europeancoffeetrip.com/cafe/nomadecafe-madrid/;Calle de los Tres Peces, 22, 28012 Madrid, Spain;40.4106981;-3.6993678;Café;;;;;;;;;;;;;;;;FALSE;3.5;322
L’Origine specialty coffee;https://europeancoffeetrip.com/cafe/loriginespecialtycoffee-madrid/;C. del Mesón de Paredes, 5b, 28012 Madrid, Spain;40.410375;-3.7044468;Café;;;;;;;;;;;;;;;;FALSE;3.5;116
Wilko;https://europeancoffeetrip.com/cafe/wilko-madrid/;C. de Fernández de los Ríos, 40, Chamberí, 28015 Madrid, Spain;40.4351782;-3.7084527;Café;;;;;;;;;;;;;;;;FALSE;3.5;291
Café del Art;https://europeancoffeetrip.com/cafe/cafedelart-madrid/;Pl. de Cascorro, 9, 28005 Madrid, Spain;40.4101715;-3.7070773;Café;;;;;;;;;;;;;;;;FALSE;3.1;219
PANDA;https://europeancoffeetrip.com/cafe/panda-madrid/;Calle de Viriato, 31, 28010 Madrid, Spain;40.4357527;-3.6986058;Café;;;;;;;;;;;;;;;;FALSE;4.8;196
Nuna Coffee Shop;https://europeancoffeetrip.com/cafe/nunacoffeeshop-madrid/;Calle de Modesto Lafuente, 4, 28010 Madrid, Spain;40.435829;-3.6962938;Café;;;;;;;;;;;;;;;;FALSE;4.6;284
Bô Coffee;https://europeancoffeetrip.com/cafe/bocoffee-madrid/;C. de Espronceda, 16, 28003 Madrid, Spain;40.4405158;-3.6978586;Café;;;;;;;;;;;;;;;;FALSE;3.5;21
Nica Specialty Coffee;https://europeancoffeetrip.com/cafe/nicaspecialtycoffee-madrid/;C. de Sánchez Pacheco, 55, 28002 Madrid, Spain;40.4475867;-3.6722529;Café;;;;;;;;;;;;;;;;FALSE;4.9;496
UNFLTRD Coffee;https://europeancoffeetrip.com/cafe/unfltrdcoffee-madrid/;Calle Amaniel 36, 28015 Madrid, Spain;40.428062;-3.7094676;Café;;;;;;;;;;;;;;;;FALSE;4.4;35
Pink Bourbon;https://europeancoffeetrip.com/cafe/pinkbourbon-madrid/;Calle Diego de Leon, 41, 28006 Madrid, Spain;40.43492;-3.6797001;Café;;;;;;;;;;;;;;;;FALSE;3.1;82
El Perro de Pavlov;https://europeancoffeetrip.com/cafe/elperrodepavlov-madrid/;Costanilla de San Pedro, 5, 28005 Madrid, Spain;40.4126257;-3.7106299;Café;;;;;;;;;;;;;;;;FALSE;4.7;201
Pan y Pepinillos Café;https://europeancoffeetrip.com/cafe/panypepinilloscafe-madrid/;C. de El Escorial, 2, Centro, 28004 Madrid, Spain;40.4239888;-3.7034337;Café;;;;;;;;;;;;;;;;FALSE;4.1;242
Baya;https://europeancoffeetrip.com/cafe/baya-madrid/;Calle de José Abascal, 49, Chamberí, 28003 Madrid, Spain;40.4383509;-3.6948472;Café;;;;;;;;;;;;;;;;FALSE;3.4;129
Dosis Cafe;https://europeancoffeetrip.com/cafe/doiscafe-madrid/;Calle de Gonzalo de Córdoba, 3, 28010 Madrid, Spain;40.4324052;-3.7032422;Café;;;;;;;;;;;;;;;;FALSE;3.7;438
Sistema Café;https://europeancoffeetrip.com/cafe/sistema-madrid/;C. de Don Pedro, 20, Centro, 28005 Madrid, Spain;40.4120196;-3.7146412;Café;;;;;;;;;;;;;;;;FALSE;3.2;99
Parque café;https://europeancoffeetrip.com/cafe/parquecafe-madrid/;C. de Víctor de la Serna, 1, 28016 Madrid, Spain;40.4522635;-3.6740174;Café;;;;;;;;;;;;;;;;FALSE;3.1;285
The Little Big Cafe;https://europeancoffeetrip.com/cafe/thelittlebigcafe-madrid/;Calle de Fernández de los Ríos 61, 28015 Madrid, Spain;40.4352265;-3.7128185;Café;;;;;;;;;;;;;;;;FALSE;4.5;295
Naji Specialty Coffee;https://europeancoffeetrip.com/cafe/naji-madrid/;Calle del Cardenal Cisneros, 39, 28010 Madrid, Spain;40.4317855;-3.7022401;Café;;;;;;;;;;;;;;;;FALSE;3.3;120
9 Lives Bakery;https://europeancoffeetrip.com/cafe/9lives-madrid/;Calle de Fernando el Católico 6, 28015 Madrid, Spain;40.4339273;-3.7068502;Café;;;;;;;;;;;;;;;;FALSE;3.9;275
Cafetería Cantoblanco;;Carr. de Canto Blanco, 2, Fuencarral-El Pardo, 28049 Madrid, Spain;40.5393516;-3.6938474;Café;Monday;7 AM to 8 PM;Tuesday;7 AM to 8 PM;Wednesday;7 AM to 8 PM;Thursday;7 AM to 8 PM;Friday;7 AM to 8 PM;Saturday;8 AM to 7 PM;Sunday;8 AM to 7 PM;FALSE;FALSE;2.8;348
Cafetería La Plaza;;Av. de Cantabria, 35, Barajas, 28042 Madrid, Spain;40.4572882;-3.5872053;Café;Monday;Closed;Tuesday;8 AM to 12 AM;Wednesday;8 AM to 12 AM;Thursday;8 AM to 12 AM;Friday;8 AM to 12 AM;Saturday;9 AM to 12 AM;Sunday;9 AM to 12 AM;FALSE;FALSE;3.2;353
DUNKIN´;;C. de Aracne, s/n, C.C. Plenilunio, San Blas-Canillejas, 28022 Madrid, Spain;40.4475536;-3.5871937;Café;Monday;9:30 AM to 10 PM;Tuesday;9:30 AM to 10 PM;Wednesday;9:30 AM to 10 PM;Thursday;9:30 AM to 10 PM;Friday;9:30 AM to 10 PM;Saturday;9:30 AM to 10 PM;Sunday;9:30 AM to 10 PM;FALSE;FALSE;2.2;252
Bar café vega;;C. de la Esfinge, 44, San Blas-Canillejas, 28022 Madrid, Spain;40.4439469;-3.6097901;Café;Monday;Closed;Tuesday;8 AM to 11 PM;Wednesday;8 AM to 11 PM;Thursday;8 AM to 11 PM;Friday;8 AM to 11 PM;Saturday;10 AM to 2 AM;Sunday;10 AM to 2 AM;FALSE;FALSE;3.5;386
Boutique Nespresso El Corte Inglés Campo Naciones;;Av. de los Andes, 50, Hortaleza, 28042 Madrid, Spain;40.4561562;-3.6182034;Café;Monday;10 AM to 10 PM;Tuesday;10 AM to 10 PM;Wednesday;10 AM to 10 PM;Thursday;10 AM to 10 PM;Friday;10 AM to 10 PM;Saturday;10 AM to 10 PM;Sunday;11 AM to 9 PM;FALSE;FALSE;3.4;122
Panaria;;C. de Aracne, s / n, San Blas-Canillejas, 28022 Madrid, Spain;40.446993;-3.587209;Café;Monday;8 AM to 10 PM;Tuesday;8 AM to 10 PM;Wednesday;8 AM to 10 PM;Thursday;8 AM to 10 PM;Friday;8 AM to 10 PM;Saturday;8 AM to 10 PM;Sunday;8 AM to 10 PM;FALSE;FALSE;4.8;134
930 Plenilunio;;C. de Aracne, s / n, Local 071/072 planta baja, San Blas-Canillejas, 28022 Madrid, Spain;40.4460412;-3.5890246;Café;Monday;10 AM to 10 PM;Tuesday;10 AM to 10 PM;Wednesday;10 AM to 10 PM;Thursday;10 AM to 10 PM;Friday;10 AM to 10 PM;Saturday;10 AM to 10 PM;Sunday;10 AM to 10 PM;FALSE;FALSE;2.1;284
Cafetería Galera;;C. Corbeta, Barajas, 28042 Madrid, Spain;40.4570167;-3.5880157;Café;Monday;7 AM to 11 PM;Tuesday;7 AM to 11 PM;Wednesday;7 AM to 11 PM;Thursday;7 AM to 11 PM;Friday;7 AM to 11 PM;Saturday;7:30 AM to 11 PM;Sunday;Closed;FALSE;FALSE;4.3;164
Granier;;C. Alcalá, 630, San Blas-Canillejas, 28022 Madrid, Spain;40.4484182;-3.6091764;Café;Monday;7 AM to 9 PM;Tuesday;7 AM to 9 PM;Wednesday;7 AM to 9 PM;Thursday;7 AM to 9 PM;Friday;7 AM to 9 PM;Saturday;7 AM to 9 PM;Sunday;7 AM to 9 PM;FALSE;FALSE;3.8;121
Cafetería Creperie Karinas;;C/ de Boltaña, 17, San Blas-Canillejas, 28022 Madrid, Spain;40.4453049;-3.6130945;Café;Monday;8 AM to 8:30 PM;Tuesday;8 AM to 8:30 PM;Wednesday;8 AM to 8:30 PM;Thursday;8 AM to 8:30 PM;Friday;8 AM to 8:30 PM;Saturday;8 AM to 3 PM;Sunday;Closed;FALSE;FALSE;4.3;21
Cafeteria Fanatico;;C. de Alfonso Gómez, 15, San Blas-Canillejas, 28037 Madrid, Spain;40.4390789;-3.6291818;Café;Monday;7:45 AM to 4 PM;Tuesday;7:45 AM to 4 PM;Wednesday;7:45 AM to 4 PM;Thursday;7:45 AM to 4 PM;Friday;7:45 AM to 4 PM;Saturday;Closed;Sunday;Closed;FALSE;FALSE;4.0;367
NAJI SPECIALTY COFFEE;;C. del Cardenal Cisneros, 39, Chamberí, 28010 Madrid, Spain;40.4316574;-3.7021703;Café;Monday;10 AM to 8 PM;Tuesday;10 AM to 8 PM;Wednesday;10 AM to 8 PM;Thursday;10 AM to 8 PM;Friday;10 AM to 8 PM;Saturday;10 AM to 8 PM;Sunday;10 AM to 8 PM;FALSE;FALSE;4.0;166
Geisha Coffee;;C. de las Navas de Tolosa, 6, LOCAL, IZQUIERDA, Centro, 28013 Madrid, Spain;40.4192389;-3.7065848;Café;Monday;9 AM to 6 PM;Tuesday;9 AM to 6 PM;Wednesday;9 AM to 6 PM;Thursday;9 AM to 7 PM;Friday;9 AM to 8 PM;Saturday;9 AM to 8 PM;Sunday;9 AM to 7:45 PM;FALSE;FALSE;3.8;145
HAT COFFEE - Speciality Coffee;;C. de Hermosilla, 113, Salamanca, 28009 Madrid, Spain;40.4258713;-3.6718013;Café;Monday;8 AM to 8 PM;Tuesday;8 AM to 8 PM;Wednesday;8 AM to 8 PM;Thursday;8 AM to 8 PM;Friday;8 AM to 8 PM;Saturday;10 AM to 8 PM;Sunday;10 AM to 8 PM;FALSE;FALSE;2.2;21
Miles Café - Specialty Coffee;;C. de Argumosa, 9, Centro, 28012 Madrid, Spain;40.4083199;-3.6993295;Café;Monday;8:30 AM to 7 PM;Tuesday;9 AM to 5 PM;Wednesday;8:30 AM to 7 PM;Thursday;8:30 AM to 7 PM;Friday;8:30 AM to 7 PM;Saturday;9 AM to 8 PM;Sunday;9 AM to 8 PM;FALSE;FALSE;3.2;78
Sinfonía Specialty Coffee;;Calle de Alcántara, 35, Salamanca, 28006 Madrid, Spain;40.4293382;-3.6738488;Café;Monday;8 AM to 7 PM;Tuesday;8 AM to 7 PM;Wednesday;8 AM to 7 PM;Thursday;8 AM to 7 PM;Friday;8 AM to 7 PM;Saturday;9:30 AM to 7 PM;Sunday;9:30 AM to 7 PM;FALSE;FALSE;4.6;280
Lady Madrid Roaster y Speciality Coffee;;Pl. de la R. Dominicana, 3, Chamartín, 28016 Madrid, Spain;40.4589955;-3.6772919;Café;Monday;7:30 AM to 9 PM;Tuesday;7:30 AM to 9 PM;Wednesday;7:30 AM to 9 PM;Thursday;7:30 AM to 9 PM;Friday;7:30 AM to 9 PM;Saturday;8 AM to 9 PM;Sunday;8 AM to 9 PM;FALSE;FALSE;3.5;56
ALCHEMY Specialty Coffee 2.0;;C. de Toledo, 81, Centro, 28005 Madrid, Spain;40.4101967;-3.7091991;Café;Monday;8 AM to 8 PM;Tuesday;8 AM to 8 PM;Wednesday;8 AM to 8 PM;Thursday;8 AM to 8 PM;Friday;8 AM to 8 PM;Saturday;9 AM to 8 PM;Sunday;9 AM to 8 PM;FALSE;FALSE;3.6;214
Cafetería Embajada;;Barajas, 28042 Madrid, Spain;40.461079;-3.5819232;Café;;;;;;;;;;;;;;;FALSE;FALSE;4.7;388
Norah Coffee & Brunch - Speciality Coffee;;Calle del Gral. Pardiñas, 15, Salamanca, 28001 Madrid, Spain;40.42543;-3.678831;Café;Monday;9 AM to 6:30 PM;Tuesday;9 AM to 6:30 PM;Wednesday;9 AM to 6:30 PM;Thursday;9 AM to 7 PM;Friday;9 AM to 7:30 PM;Saturday;9 AM to 7:30 PM;Sunday;9 AM to 7 PM;FALSE;FALSE;3.3;616
Hnos.velasco coffee bar;;C. de San Venancio, 17, San Blas-Canillejas, 28022 Madrid, Spain;40.4469468;-3.6086614;Café;Monday;8 AM to 12 AM;Tuesday;8 AM to 12 AM;Wednesday;Closed;Thursday;8 AM to 12 AM;Friday;8 AM to 12 AM;Saturday;8 AM to 12 AM;Sunday;8 AM to 12 AM;FALSE;FALSE;4.6;466
FECA Specialty Coffee & Brunch;;C. de Ferrer del Río, 23, Salamanca, 28028 Madrid, Spain;40.435215;-3.6714547;Café;Monday;8 AM to 2 PM;Tuesday;8 AM to 2 PM;Wednesday;8 AM to 2 PM, 4 to 8 PM;Thursday;8 AM to 8 PM;Friday;8 AM to 7 PM;Saturday;9 AM to 8 PM;Sunday;9 AM to 2 PM;FALSE;FALSE;4.3;326
Ipanema;;C. de Arrastaria, 14, San Blas-Canillejas, 28022 Madrid, Spain;40.4469164;-3.5865858;Café;Monday;9 AM to 10 PM;Tuesday;9 AM to 10 PM;Wednesday;9 AM to 10 PM;Thursday;9 AM to 10 PM;Friday;9 AM to 10 PM;Saturday;9 AM to 10 PM;Sunday;9 AM to 10 PM;FALSE;FALSE;2.2;293
Junior´s coffe - specialty coffee;;C. de Arturo Soria, 44, Cdad. Lineal, 28027 Madrid, Spain;40.4423161;-3.6408383;Café;Monday;8 AM to 2 PM, 3:30 to 7 PM;Tuesday;Closed;Wednesday;8 AM to 2 PM, 3:30 to 7 PM;Thursday;8 AM to 2 PM, 4 to 9 PM;Friday;8 AM to 2 PM, 3:30 to 7 PM;Saturday;9 AM to 6 PM;Sunday;9 AM to 4 PM;FALSE;FALSE;2.5;255
85 Tazas - Specialty Coffee Madrid;;Calle de Puerto Rico, 37, Chamartín, 28016 Madrid, Spain;40.4580253;-3.6745238;Café;Monday;8:30 AM to 6 PM;Tuesday;8:30 AM to 6 PM;Wednesday;8:30 AM to 6 PM;Thursday;8:30 AM to 6 PM;Friday;8:30 AM to 6 PM;Saturday;9:30 AM to 2 PM;Sunday;10 AM to 1 PM;FALSE;FALSE;4.8;281
ALCHEMY Specialty Coffee;;C. de San Millán, 4, Centro, 28012 Madrid, Spain;40.4114892;-3.7077489;Café;Monday;8 AM to 8 PM;Tuesday;8 AM to 8 PM;Wednesday;8 AM to 8 PM;Thursday;8 AM to 8 PM;Friday;8 AM to 8 PM;Saturday;9 AM to 8 PM;Sunday;9 AM to 8 PM;FALSE;FALSE;3.6;199
Ōfi Café - Orgaz Specialty Coffee;;Av. de Machupichu, 23, Hortaleza, 28043 Madrid, Spain;40.4583893;-3.6259522;Café;Monday;8:30 AM to 7:30 PM;Tuesday;8:30 AM to 7:30 PM;Wednesday;8:30 AM to 7:30 PM;Thursday;8:30 AM to 7:30 PM;Friday;8:30 AM to 7:30 PM;Saturday;9:30 AM to 2 PM;Sunday;9:30 AM to 2 PM;FALSE;FALSE;4.1;193
Luna & Latte - Specialty Coffee;;C. Torrecilla del Puerto, 5, Cdad. Lineal, 28043 Madrid, Spain;40.4510982;-3.6497343;Café;Monday;8:30 AM to 7 PM;Tuesday;Closed;Wednesday;8:30 AM to 7 PM;Thursday;8:30 AM to 7 PM;Friday;8:30 AM to 7 PM;Saturday;9 AM to 3 PM;Sunday;9:30 AM to 3 PM;FALSE;FALSE;4.5;130
The Sippers Coffee - Specialty Coffee & Brunch;;C. de San Romualdo, 51, San Blas-Canillejas, 28037 Madrid, Spain;40.4351087;-3.6198332;Café;Monday;Closed;Tuesday;9 AM to 4 PM, 6 to 9 PM;Wednesday;9 AM to 4 PM, 6 to 9 PM;Thursday;9 AM to 4 PM, 6 to 9 PM;Friday;9 AM to 4 PM, 6 to 9 PM;Saturday;10 AM to 9 PM;Sunday;10 AM to 9 PM;FALSE;FALSE;3.9;354
Azul y Blanco;;C. de Bravo Murillo, 255, Tetuán, 28020 Madrid, Spain;40.4592535;-3.7000649;Café;Monday;6 AM to 12 AM;Tuesday;6 AM to 12 AM;Wednesday;6 AM to 12 AM;Thursday;6 AM to 12 AM;Friday;6 AM to 2 AM;Saturday;6 AM to 2 AM;Sunday;6 AM to 12 AM;FALSE;FALSE;3.7;203
Casa Gabi;;C. de Ramón Gómez de la Serna, 81, Fuencarral-El Pardo, 28035 Madrid, Spain;40.4839696;-3.7289627;Café;Monday;8 AM to 7:30 PM;Tuesday;8 AM to 7:30 PM;Wednesday;8 AM to 7:30 PM;Thursday;8 AM to 7:30 PM;Friday;8 AM to 7:30 PM;Saturday;8:30 AM to 3 PM;Sunday;8:30 AM to 3 PM;FALSE;FALSE;4.7;252
Bar Cafetería Stivenson;;Calle de Sta Engracia, 138, Chamberí, 28003 Madrid, Spain;40.4429999;-3.7019799;Café;Monday;Closed;Tuesday;9 AM to 1 AM;Wednesday;9 AM to 1 AM;Thursday;9 AM to 1 AM;Friday;10 AM to 2 AM;Saturday;10 AM to 2 AM;Sunday;9 AM to 1 AM;FALSE;FALSE;4.3;170
Pink Bourbon - Espresso Bar | Specialty Coffee;;Calle de Diego de León, 41, Salamanca, 28006 Madrid, Spain;40.4349359;-3.679686;Café;Monday;7:45 AM to 7:30 PM;Tuesday;7:45 AM to 7:30 PM;Wednesday;7:45 AM to 7:30 PM;Thursday;7:45 AM to 7:30 PM;Friday;7:45 AM to 7:30 PM;Saturday;9 AM to 6 PM;Sunday;9 AM to 6 PM;FALSE;FALSE;4.9;221
INEFABLE by Söttgodis;;C. del Poeta Joan Maragall, 23, Tetuán, 28020 Madrid, Spain;40.4577596;-3.6925323;Café;Monday;8 AM to 12 AM;Tuesday;8 AM to 12 AM;Wednesday;8 AM to 12 AM;Thursday;8 AM to 1 AM;Friday;8 AM to 2:30 AM;Saturday;9 AM to 2:30 AM;Sunday;9 AM to 12 AM;FALSE;FALSE;2.3;344
Cafetería-Bar El Rincón azul;;Calle del Príncipe de Vergara, 128, Chamartín, 28002 Madrid, Spain;40.4427409;-3.6781111;Café;Monday;7 AM to 2 AM;Tuesday;7 AM to 2 AM;Wednesday;7 AM to 2 AM;Thursday;7 AM to 2 AM;Friday;7 AM to 2 AM;Saturday;7 AM to 2 AM;Sunday;7 AM to 2 AM;FALSE;FALSE;3.7;64
Ukiyo Mochis And Coffee;;C. de Santiago de Compostela, 36, Fuencarral-El Pardo, 28034 Madrid, Spain;40.4833856;-3.7022766;Café;Monday;9:30 AM to 2:30 PM, 5:30 to 11 PM;Tuesday;9:30 AM to 2:30 PM, 5:30 to 11 PM;Wednesday;9:30 AM to 11 PM;Thursday;9:30 AM to 11 PM;Friday;9:30 AM to 11 PM;Saturday;9:30 AM to 11 PM;Sunday;9:30 AM to 11 PM;FALSE;FALSE;4.6;55
Momento Café;;Av. de Bruselas, 56, Salamanca, 28028 Madrid, Spain;40.4393803;-3.6627454;Café;Monday;7 AM to 7:30 PM;Tuesday;7 AM to 7:30 PM;Wednesday;7 AM to 7:30 PM;Thursday;7 AM to 7:30 PM;Friday;7 AM to 7:30 PM;Saturday;8 AM to 2:30 PM;Sunday;8 AM to 2 PM;FALSE;FALSE;2.2;256
Alfa caffe;;C. de Ávila, 11, Tetuán, 28020 Madrid, Spain;40.4528768;-3.7018289;Café;Monday;7:30 AM to 8 PM;Tuesday;7:30 AM to 8 PM;Wednesday;7:30 AM to 8 PM;Thursday;7:30 AM to 8 PM;Friday;7:30 AM to 8 PM;Saturday;9 AM to 8 PM;Sunday;Closed;FALSE;FALSE;3.6;138
Pan y Pepinillos Café;;C. de El Escorial, 2, Centro, 28004 Madrid, Spain;40.4237639;-3.7027066;Café;Monday;8 AM to 8 PM;Tuesday;8 AM to 8 PM;Wednesday;8 AM to 8 PM;Thursday;8 AM to 8 PM;Friday;8 AM to 8 PM;Saturday;8 AM to 8 PM;Sunday;8 AM to 8 PM;FALSE;FALSE;3.4;21
Kissaten.place Specialty coffee;;C. de Menorca, 5, bajo derecha, Retiro, 28009 Madrid, Spain;40.4195923;-3.6784311;Café;Monday;8 AM to 7 PM;Tuesday;8 AM to 7 PM;Wednesday;8 AM to 7 PM;Thursday;8 AM to 7 PM;Friday;8 AM to 7 PM;Saturday;9 AM to 7 PM;Sunday;9 AM to 2 PM;FALSE;FALSE;4.2;260
[B]-bar specialty coffee & brunch;;C. de la Fuente del Berro, 15, Salamanca, 28009 Madrid, Spain;40.4261071;-3.6705898;Café;Monday;9 AM to 7 PM;Tuesday;9 AM to 7 PM;Wednesday;9 AM to 7 PM;Thursday;9 AM to 7 PM;Friday;9 AM to 10 PM;Saturday;10 AM to 8 PM;Sunday;10 AM to 5 PM;FALSE;FALSE;2.6;205
Libis Specialty Coffee;;Calle de Zurbano, 61, Chamberí, 28010 Madrid, Spain;40.43616;-3.69316;Café;Monday;9:30 AM to 7 PM;Tuesday;9:30 AM to 7 PM;Wednesday;9:30 AM to 7 PM;Thursday;9:30 AM to 7 PM;Friday;9:30 AM to 7 PM;Saturday;Closed;Sunday;Closed;FALSE;FALSE;2.5;144
KLARE SPECIALTY COFFEE & BRUNCH;;Calle del General Arrando, 16, Chamberí, 28010 Madrid, Spain;40.4316658;-3.6955869;Café;Monday;8:30 AM to 6 PM;Tuesday;8:30 AM to 6 PM;Wednesday;8:30 AM to 6 PM;Thursday;8:30 AM to 6 PM;Friday;8:30 AM to 6 PM;Saturday;10 AM to 6 PM;Sunday;10 AM to 2:30 PM;FALSE;FALSE;3.6;107
UMAMI SPECIALTY COFFEE;;C. de la Alameda, 1, Centro, 28014 Madrid, Spain;40.4124553;-3.693843;Café;Monday;7:30 AM to 8 PM;Tuesday;7:30 AM to 8 PM;Wednesday;7:30 AM to 8 PM;Thursday;7:30 AM to 8 PM;Friday;7:30 AM to 8:30 PM;Saturday;8 AM to 8:30 PM;Sunday;8 AM to 8:30 PM;FALSE;FALSE;3.8;43
ALCHEMY Specialty Coffee & Brunch 3.0;;Calle de las Magnolias, 120, Tetuán, 28029 Madrid, Spain;40.4738561;-3.6890178;Café;Monday;8 AM to 6 PM;Tuesday;8 AM to 6 PM;Wednesday;8 AM to 6 PM;Thursday;8 AM to 6 PM;Friday;8 AM to 6 PM;Saturday;9 AM to 6 PM;Sunday;9 AM to 6 PM;FALSE;FALSE;4.0;307
Monsieur Café - Specialty coffee;;C/ de Donoso Cortés, 62, Chamberí, 28015 Madrid, Spain;40.4365495;-3.7125339;Café;Monday;8:30 AM to 3:30 PM;Tuesday;Closed;Wednesday;Closed;Thursday;8:30 AM to 3:30 PM;Friday;8:30 AM to 3:30 PM;Saturday;9:30 AM to 4:30 PM;Sunday;9:30 AM to 4:30 PM;FALSE;FALSE;4.4;166
Cinnabon;;CC Plenilunio, C. de Aracne, s/n, 28022 Madrid, Spain;40.4463164;-3.5873531;Café;Monday;10 AM to 10 PM;Tuesday;10 AM to 10 PM;Wednesday;10 AM to 10 PM;Thursday;10 AM to 10 PM;Friday;10 AM to 10 PM;Saturday;10 AM to 10 PM;Sunday;10 AM to 10 PM;FALSE;FALSE;4.7;243
Logic Coffee-Café de Especialidad y Babo Té-Specialty coffee-Milk tea-Mochi;;C. de Guzmán el Bueno, 56, Chamberí, 28015 Madrid, Spain;40.4362736;-3.7129341;Café;Monday;10:30 AM to 8 PM;Tuesday;9:30 AM to 8 PM;Wednesday;9:30 AM to 8 PM;Thursday;9:30 AM to 8 PM;Friday;9:30 AM to 8 PM;Saturday;9:30 AM to 7 PM;Sunday;10 AM to 7 PM;FALSE;FALSE;3.8;168
Sanymar;;Av. de Machupichu, 27, Hortaleza, 28043 Madrid, Spain;40.4586232;-3.6262375;Café;Monday;7 AM to 12 AM;Tuesday;7 AM to 12 AM;Wednesday;7 AM to 12 AM;Thursday;7 AM to 12 AM;Friday;7 AM to 12 AM;Saturday;9 AM to 12 AM;Sunday;Closed;FALSE;FALSE;3.6;320
Cafetería Bauhaus;;C. de Pirra, 2, San Blas-Canillejas, 28022 Madrid, Spain;40.4448543;-3.5844931;Café;Monday;9 AM to 9 PM;Tuesday;9 AM to 9 PM;Wednesday;9 AM to 9 PM;Thursday;9 AM to 9 PM;Friday;8:30 AM to 10:30 PM;Saturday;8:30 AM to 10:30 PM;Sunday;9 AM to 9 PM;FALSE;FALSE;4.9;95
Santamaría;;Barajas, 28042 Madrid, Spain;40.4528439;-3.5806644;Café;;;;;;;;;;;;;;;FALSE;FALSE;4.1;74
La Cancha de Suanzes;;Pl. de las Olivas, 5, San Blas-Canillejas, 28027 Madrid, Spain;40.4452677;-3.6235415;Café;Monday;8:30 AM to 12 AM;Tuesday;8:30 AM to 12 AM;Wednesday;8:30 AM to 12 AM;Thursday;8:30 AM to 12 AM;Friday;8:30 AM to 1 AM;Saturday;8:30 AM to 1 AM;Sunday;8:30 AM to 12 AM;FALSE;FALSE;4.4;38
Cafetería Shiray;;C. Lucano, 4, San Blas-Canillejas, 28022 Madrid, Spain;40.4399844;-3.6119631;Café;Monday;5:30 AM to 10 PM;Tuesday;5:30 AM to 10 PM;Wednesday;5:30 AM to 10 PM;Thursday;5:30 AM to 10 PM;Friday;5:30 AM to 10 PM;Saturday;6 AM to 10 PM;Sunday;7 AM to 10 PM;FALSE;FALSE;3.7;418
La Galeria Café-Bar;;C. de Miguel Yuste, 4, San Blas-Canillejas, 28037 Madrid, Spain;40.440718;-3.6255414;Café;Monday;6:15 AM to 9 PM;Tuesday;6:15 AM to 9 PM;Wednesday;6:15 AM to 9 PM;Thursday;6:15 AM to 9 PM;Friday;6:15 AM to 9 PM;Saturday;9 AM to 4 PM;Sunday;Closed;FALSE;FALSE;3.2;201
Green Coffees Roasters;;C. del Cardenal Cisneros, 64, Chamberí, 28010 Madrid, Spain;40.4343229;-3.7026227;Café;Monday;9 AM to 3 PM;Tuesday;9 AM to 7:30 PM;Wednesday;9 AM to 7:30 PM;Thursday;9 AM to 7:30 PM;Friday;9 AM to 7:30 PM;Saturday;9:30 AM to 7:30 PM;Sunday;9:30 AM to 7:30 PM;FALSE;FALSE;3.9;134
Casa Nela;;C. de las Islas Cíes, 25, Fuencarral-El Pardo, 28035 Madrid, Spain;40.480109;-3.7186656;Café;Monday;7 AM to 12 AM;Tuesday;7 AM to 12 AM;Wednesday;7 AM to 12 AM;Thursday;7 AM to 12 PM;Friday;7 AM to 12 AM;Saturday;8 AM to 12 AM;Sunday;12 PM to 12 AM;FALSE;FALSE;3.6;197
Vainilla Bakery & Coffee;;Av. de Bruselas, 54, Salamanca, 28028 Madrid, Spain;40.4391151;-3.6627461;Café;Monday;8 AM to 8 PM;Tuesday;8 AM to 8 PM;Wednesday;8 AM to 8 PM;Thursday;8 AM to 8 PM;Friday;8 AM to 8 PM;Saturday;9 AM to 2 PM;Sunday;9 AM to 2 PM;FALSE;FALSE;3.7;248
Infinito Specialty Coffee & Brunch Bistro;;C. de la Reina Mercedes, 12, Tetuán, 28020 Madrid, Spain;40.4509274;-3.6987996;Café;Monday;9 AM to 7 PM;Tuesday;9 AM to 7 PM;Wednesday;9 AM to 7 PM;Thursday;9 AM to 8 PM;Friday;9 AM to 8 PM;Saturday;9 AM to 8 PM;Sunday;9 AM to 8 PM;FALSE;FALSE;4.8;265
La Deseada Specialty Coffee;;Calle de José Abascal, 53, Chamberí, 28003 Madrid, Spain;40.4383059;-3.6939322;Café;Monday;8:30 AM to 7 PM;Tuesday;8:30 AM to 7 PM;Wednesday;8:30 AM to 7 PM;Thursday;8:30 AM to 7 PM;Friday;8:30 AM to 7 PM;Saturday;8:30 AM to 2 PM;Sunday;Closed;FALSE;FALSE;3.1;80
Dandy;;Barajas, 28042 Madrid, Spain;40.4515125;-3.5813669;Café;Monday;6 AM to 5 PM;Tuesday;6 AM to 5 PM;Wednesday;6 AM to 5 PM;Thursday;6 AM to 5 PM;Friday;6 AM to 5 PM;Saturday;Closed;Sunday;Closed;FALSE;FALSE;3.4;22
Coffee Lounge;;Av. de Aragón, San Blas-Canillejas, 28022 Madrid, Spain;40.4493848;-3.5826431;Café;;;;;;;;;;;;;;;FALSE;FALSE;4.9;345
Scarlett Ópera - Palacio Real | Specialty Coffee • Real Food;;C. de Felipe V, Centro, 28013 Madrid, Spain;40.4187726;-3.7105121;Café;Monday;8 AM to 9:30 PM;Tuesday;8 AM to 9:30 PM;Wednesday;8 AM to 9:30 PM;Thursday;8 AM to 9:30 PM;Friday;8 AM to 9:30 PM;Saturday;8 AM to 9:30 PM;Sunday;8 AM to 9:30 PM;FALSE;FALSE;4.3;66
"BAR - CAFETERIA ""El Rincón De Miguel""";;C. de Valentín Beato, 11, San Blas-Canillejas, 28037 Madrid, Spain;40.4395519;-3.625694;Café;Monday;7 AM to 6 PM;Tuesday;7 AM to 6 PM;Wednesday;7 AM to 6 PM;Thursday;7 AM to 6 PM;Friday;7 AM to 6 PM;Saturday;Closed;Sunday;Closed;FALSE;FALSE;3.3;312
R´SPIRO CAFÉ;;Gta. de Yucatán, S/N, Hortaleza, 28042 Madrid, Spain;40.4509116;-3.6272671;Café;Monday;Open 24 hours;Tuesday;Open 24 hours;Wednesday;Open 24 hours;Thursday;Open 24 hours;Friday;Open 24 hours;Saturday;Open 24 hours;Sunday;Open 24 hours;FALSE;FALSE;4.0;215
Cafetería La Esquina de Alcalá;;San Blas, 28022 Madrid, Spain;40.4488644;-3.6085101;Café;Monday;6:30 AM to 10:30 PM;Tuesday;6:30 AM to 10:30 PM;Wednesday;6:30 AM to 10:30 PM;Thursday;6:30 AM to 10:30 PM;Friday;6:30 AM to 10:30 PM;Saturday;6:30 AM to 10:30 PM;Sunday;Closed;FALSE;FALSE;2.6;176
Cafetería Jamonería Cartago;;C. de Cartago, 7, San Blas-Canillejas, 28022 Madrid, Spain;40.4487331;-3.6083661;Café;Monday;6:30 AM to 12 AM;Tuesday;6:30 AM to 12 AM;Wednesday;6:30 AM to 12 AM;Thursday;6:30 AM to 12 AM;Friday;6:30 AM to 12 AM;Saturday;6:30 AM to 12 AM;Sunday;Closed;FALSE;FALSE;3.9;157
Cafeteria Tu Rinconcito;;C. Alcalá, 646, San Blas-Canillejas, 28022 Madrid, Spain;40.44882;-3.60849;Café;Monday;6 AM to 8:30 PM;Tuesday;6 AM to 8:30 PM;Wednesday;6 AM to 8:30 PM;Thursday;6 AM to 8:30 PM;Friday;6 AM to 10 PM;Saturday;12:30 to 10 PM;Sunday;Closed;FALSE;FALSE;4.9;21
Cafetería Casa García;;C. de la Virgen de la Oliva, 22, San Blas-Canillejas, 28037 Madrid, Spain;40.431368;-3.6237576;Café;Monday;Closed;Tuesday;1 PM to 12 AM;Wednesday;1 PM to 12 AM;Thursday;1 PM to 12 AM;Friday;1 PM to 12:30 AM;Saturday;1 PM to 12:30 AM;Sunday;1 PM to 12 AM;FALSE;FALSE;4.4;297
Panaria;;Av. de Niza, 67, San Blas-Canillejas, 28022 Madrid, Spain;40.4346018;-3.6082588;Café;Monday;8 AM to 8 PM;Tuesday;8 AM to 8 PM;Wednesday;8 AM to 8 PM;Thursday;8 AM to 8 PM;Friday;8 AM to 8 PM;Saturday;8:30 AM to 8:30 PM;Sunday;8:30 AM to 8:30 PM;FALSE;FALSE;4.3;61
Casa Blasius;;C. de Valdecanillas, 49, San Blas-Canillejas, 28037 Madrid, Spain;40.4327558;-3.6250606;Café;Monday;7:30 AM to 11 PM;Tuesday;7:30 AM to 11 PM;Wednesday;7:30 AM to 11 PM;Thursday;7:30 AM to 11 PM;Friday;7:30 AM to 11 PM;Saturday;10 AM to 11 PM;Sunday;10 AM to 11 PM;FALSE;FALSE;4.6;117
GRUPO BRIZA (Zamora Britez Café Bar, S.L.);;C. de Suecia, 95, San Blas-Canillejas, 28022 Madrid, Spain;40.4337532;-3.6064155;Café;;;;;;;;;;;;;;;FALSE;FALSE;3.8;257
Juan Valdez Café Plenilunio;;C. de Aracne, s / n, Planta 0 - local K2, San Blas-Canillejas, 28022 Madrid, Spain;40.4460572;-3.5873723;Café;Monday;9:30 AM to 10 PM;Tuesday;9:30 AM to 10 PM;Wednesday;9:30 AM to 10 PM;Thursday;9:30 AM to 10 PM;Friday;9:30 AM to 10 PM;Saturday;9:30 AM to 10 PM;Sunday;9:30 AM to 10 PM;FALSE;FALSE;4.9;81
Cafetería Los Ángeles;;C. de Torre Arias, 6, San Blas-Canillejas, 28022 Madrid, Spain;40.4458665;-3.6119381;Café;Monday;8:30 AM to 11:30 PM;Tuesday;8 AM to 11 PM;Wednesday;8:30 AM to 11:30 PM;Thursday;8:30 AM to 11:30 PM;Friday;8:30 AM to 11:30 PM;Saturday;8:30 AM to 11:30 PM;Sunday;9 AM to 5 PM;FALSE;FALSE;4.2;188
Envera Gastro;;Av. de Logroño, 179, Barajas, 28042 Madrid, Spain;40.4607573;-3.5938394;Café;Monday;9 AM to 9 PM;Tuesday;9 AM to 9 PM;Wednesday;9 AM to 9 PM;Thursday;9 AM to 9 PM;Friday;9 AM to 9 PM;Saturday;9 AM to 9 PM;Sunday;Closed;FALSE;FALSE;4.5;279
Kfé 27;;C. de Cartago, 2, San Blas-Canillejas, 28022 Madrid, Spain;40.4486546;-3.6085192;Café;Monday;6:30 AM to 8 PM;Tuesday;6:30 AM to 8 PM;Wednesday;6:30 AM to 8 PM;Thursday;6:30 AM to 8 PM;Friday;6:30 AM to 8 PM;Saturday;8 AM to 3:30 PM;Sunday;8:30 AM to 3:30 PM;FALSE;FALSE;4.2;238
Bar - El Chupete;;C. de Sta. Tecla, 35, San Blas-Canillejas, 28022 Madrid, Spain;40.44406;-3.6119076;Café;Monday;7 AM to 11:30 PM;Tuesday;7:30 AM to 11:30 PM;Wednesday;9 AM to 11:30 PM;Thursday;Closed;Friday;9 AM to 11:30 PM;Saturday;7:30 AM to 11:30 PM;Sunday;8:30 AM to 11:30 PM;FALSE;FALSE;4.2;614
Churreria El Pereira;;C/ de Boltaña, 55, San Blas-Canillejas, 28022 Madrid, Spain;40.4476001;-3.6098334;Café;Monday;7 AM to 12 AM;Tuesday;7 AM to 12 AM;Wednesday;7 AM to 12 AM;Thursday;7 AM to 12 AM;Friday;7 AM to 12 AM;Saturday;7 AM to 12 AM;Sunday;7 AM to 12 AM;FALSE;FALSE;4.6;60
Cafe Of Deto Nakata;;Av del Cardenal Herrera Oria, 265, Fuencarral-El Pardo, 28035 Madrid, Spain;40.4799206;-3.7227691;Café;Monday;Closed;Tuesday;Closed;Wednesday;Closed;Thursday;Closed;Friday;Closed;Saturday;Open 24 hours;Sunday;Open 24 hours;FALSE;FALSE;4.4;230
Viena Capellanes;;P.º de la Castellana, 218, Chamartín, 28046 Madrid, Spain;40.4674575;-3.6884184;Café;Monday;7 AM to 8 PM;Tuesday;7 AM to 8 PM;Wednesday;7 AM to 8 PM;Thursday;7 AM to 8 PM;Friday;7 AM to 8 PM;Saturday;8 AM to 4 PM;Sunday;8 AM to 4 PM;FALSE;FALSE;3.9;343
Ham on Market;;P.º de La Habana, 206, Chamartín, 28036 Madrid, Spain;40.4651496;-3.6793745;Café;Monday;8:30 AM to 7 PM;Tuesday;8:30 AM to 7 PM;Wednesday;8:30 AM to 7 PM;Thursday;8:30 AM to 8 PM;Friday;8:30 AM to 8 PM;Saturday;10 AM to 2 PM;Sunday;10 AM to 2 PM;FALSE;FALSE;4.4;140
Starbucks;;P.º de la Castellana, 259, Fuencarral-El Pardo, 28046 Madrid, Spain;40.4770227;-3.6891159;Café;Monday;7:30 AM to 9 PM;Tuesday;7:30 AM to 9 PM;Wednesday;7:30 AM to 9 PM;Thursday;7:30 AM to 9 PM;Friday;7:30 AM to 9 PM;Saturday;9 AM to 9:30 PM;Sunday;9 AM to 9:30 PM;FALSE;FALSE;3.2;282
Bombon Boss;;C.C. La Vaguada, Av. de Monforte de Lemos, 36, Fuencarral-El Pardo, 28029 Madrid, Spain;40.4797255;-3.7061574;Café;Monday;8 AM to 10 PM;Tuesday;8 AM to 10 PM;Wednesday;8 AM to 10 PM;Thursday;8 AM to 10 PM;Friday;8 AM to 10 PM;Saturday;8 AM to 10 PM;Sunday;8 AM to 10 PM;FALSE;FALSE;4.6;42
Manolo Bakes;;Pl. del Nte., 5, Tetuán, 28029 Madrid, Spain;40.473428;-3.6950517;Café;Monday;8 AM to 8 PM;Tuesday;8 AM to 8 PM;Wednesday;8 AM to 8 PM;Thursday;8 AM to 8 PM;Friday;8 AM to 8 PM;Saturday;8 AM to 8 PM;Sunday;8 AM to 8 PM;FALSE;FALSE;3.9;21
Cafetería Cervecería La Jaima;;C. de Alfredo Marqueríe, 23, posterior, Fuencarral-El Pardo, 28034 Madrid, Spain;40.4869928;-3.7016636;Café;Monday;7 AM to 12 AM;Tuesday;7 AM to 12 AM;Wednesday;7 AM to 12 AM;Thursday;7 AM to 12 AM;Friday;7 AM to 12 AM;Saturday;7 AM to 12 AM;Sunday;8 AM to 12 AM;FALSE;FALSE;3.9;81
Juan Valdez Café Caleido;;P.º de la Castellana, 259, Fuencarral-El Pardo, 28046 Madrid, Spain;40.4779123;-3.688947;Café;Monday;7:15 AM to 9 PM;Tuesday;7:15 AM to 9 PM;Wednesday;7:15 AM to 9 PM;Thursday;7:15 AM to 9 PM;Friday;7:15 AM to 9 PM;Saturday;8:30 AM to 9 PM;Sunday;8:30 AM to 9 PM;FALSE;FALSE;4.0;210
Café & Té;;Av. de Monforte de Lemos, 36, Fuencarral-El Pardo, 28029 Madrid, Spain;40.479844;-3.706991;Café;Monday;9 AM to 10 PM;Tuesday;9 AM to 10 PM;Wednesday;9 AM to 10 PM;Thursday;9 AM to 10 PM;Friday;9 AM to 11 PM;Saturday;9 AM to 11 PM;Sunday;10 AM to 10 PM;FALSE;FALSE;3.5;129
Empanadas Bar Rincón de Maná;;C. de Artajona, 47, Moncloa - Aravaca, 28039 Madrid, Spain;40.4654867;-3.717728;Café;Monday;8 AM to 11 PM;Tuesday;8 AM to 11 PM;Wednesday;8 AM to 11 PM;Thursday;8 AM to 11 PM;Friday;8 AM to 12 AM;Saturday;9 AM to 5 PM;Sunday;Closed;FALSE;FALSE;2.2;387
La Hermosita Arroyo del Fresno;;C/ de María de Maeztu, 4, Fuencarral-El Pardo, 28049 Madrid, Spain;40.4868717;-3.7329253;Café;Monday;8:30 AM to 9 PM;Tuesday;8:30 AM to 9 PM;Wednesday;8:30 AM to 9 PM;Thursday;8:30 AM to 9 PM;Friday;8:30 AM to 9 PM;Saturday;8:30 AM to 9 PM;Sunday;8:30 AM to 9 PM;FALSE;FALSE;2.6;284
Cafetería / Restaurante Boracay Pascual;;C. de Bravo Murillo, 343, Tetuán, 28020 Madrid, Spain;40.4646112;-3.6951716;Café;Monday;7 AM to 11:30 PM;Tuesday;9 AM to 5 PM;Wednesday;7 AM to 11:30 PM;Thursday;7 AM to 11:30 PM;Friday;7 AM to 11:30 PM;Saturday;9 AM to 12 AM;Sunday;9 AM to 12 AM;FALSE;FALSE;3.2;368
Santagloria Coffee & Bakery;;P.º de la Castellana, 259D, Fuencarral-El Pardo, 28046 Madrid, Spain;40.4773178;-3.6890938;Café;Monday;7:30 AM to 9 PM;Tuesday;7:30 AM to 9 PM;Wednesday;7:30 AM to 9 PM;Thursday;7:30 AM to 9 PM;Friday;7:30 AM to 9 PM;Saturday;9 AM to 9 PM;Sunday;9 AM to 9 PM;FALSE;FALSE;3.9;111
Boutique Nespresso La Vaguada;;Av. de Monforte de Lemos, 36, Fuencarral-El Pardo, 28029 Madrid, Spain;40.4798404;-3.7067333;Café;Monday;10 AM to 10 PM;Tuesday;10 AM to 10 PM;Wednesday;10 AM to 10 PM;Thursday;10 AM to 10 PM;Friday;10 AM to 10 PM;Saturday;10 AM to 10 PM;Sunday;11 AM to 9 PM;FALSE;FALSE;3.5;178
La Carmela,;;C. de Melchor Fernández Almagro, 44, Fuencarral-El Pardo, 28029 Madrid, Spain;40.4770807;-3.7042678;Café;Monday;7 AM to 11 PM;Tuesday;7 AM to 11 PM;Wednesday;7 AM to 11 PM;Thursday;7 AM to 11 PM;Friday;7 AM to 11 PM;Saturday;8 AM to 11 PM;Sunday;Closed;FALSE;FALSE;4.3;217
SAMBU’S COFFEE 2 (café de especialidad y Brunch/specialty coffee and Brunch);;Tr.ª del Conde Duque, 5, Centro, 28015 Madrid, Spain;40.4258616;-3.7100137;Café;Monday;Closed;Tuesday;Closed;Wednesday;Closed;Thursday;9 AM to 6:30 PM;Friday;9 AM to 6:30 PM;Saturday;10 AM to 7:30 PM;Sunday;10 AM to 7:30 PM;FALSE;FALSE;4.0;109
El rinconcito de teffy;;C. de Ángel Múgica, 54, Fuencarral-El Pardo, 28034 Madrid, Spain;40.487339;-3.6891279;Café;Monday;7:30 AM to 2 AM;Tuesday;7:30 AM to 2 AM;Wednesday;7:30 AM to 2 AM;Thursday;7:30 AM to 2 AM;Friday;7:30 AM to 2 AM;Saturday;7:30 AM to 2 AM;Sunday;7:30 AM to 2 AM;FALSE;FALSE;3.0;130
DopiCo Specialty Coffee;;C. de Ferraz, 36, Moncloa - Aravaca, 28008 Madrid, Spain;40.4262536;-3.7169153;Café;Monday;9 AM to 3 PM;Tuesday;9 AM to 7 PM;Wednesday;9 AM to 7:30 PM;Thursday;9 AM to 7 PM;Friday;9 AM to 7:30 PM;Saturday;10 AM to 7:30 PM;Sunday;10 AM to 7:30 PM;FALSE;FALSE;4.6;248
Siniestro | Café de Especialidad - Specialty Coffee;;C. del Conde Duque, Nº 5, Centro, 28015 Madrid, Spain;40.4261768;-3.7114126;Café;Monday;9 AM to 2 PM, 4 to 8 PM;Tuesday;9 AM to 2 PM, 4 to 8 PM;Wednesday;9 AM to 2 PM, 4 to 8 PM;Thursday;10 AM to 2 PM, 4 to 8 PM;Friday;9 AM to 2 PM, 4 to 8 PM;Saturday;10 AM to 2 PM, 4 to 8 PM;Sunday;10 AM to 2 PM, 4 to 8 PM;FALSE;FALSE;2.7;387
Santa Teresa Shop Aravaca;;Av. de la Osa Mayor, 92, Moncloa - Aravaca, 28023 Madrid, Spain;40.4592868;-3.7849955;Café;Monday;8 AM to 9:30 PM;Tuesday;8 AM to 9:30 PM;Wednesday;8 AM to 10 PM;Thursday;8 AM to 10 PM;Friday;8 AM to 10 PM;Saturday;8 AM to 10 PM;Sunday;8 AM to 10 PM;FALSE;FALSE;4.5;195
cafetería de Iñaki;;Av.Osa Mayor-Colegio, Moncloa - Aravaca, 28023 Madrid, Spain;40.4549832;-3.7931257;Café;;;;;;;;;;;;;;;FALSE;FALSE;4.2;280
Agustín's Coffee Aravaca;;Av. del Talgo, Moncloa - Aravaca, 28023 Madrid, Spain;40.4483271;-3.7857007;Café;Monday;7:30 AM to 7 PM;Tuesday;7:30 AM to 7 PM;Wednesday;7:30 AM to 7 PM;Thursday;7:30 AM to 7 PM;Friday;7:30 AM to 7 PM;Saturday;7:30 AM to 7 PM;Sunday;7:30 AM to 7 PM;FALSE;FALSE;4.5;343
Cafeteria PeñaGrande;;C/ Pico Balaitus, 7, Fuencarral-El Pardo, 28035 Madrid, Spain;40.48181;-3.7208084;Café;Monday;Closed;Tuesday;8:30 AM to 2:30 AM;Wednesday;8:30 AM to 2:30 AM;Thursday;8:30 AM to 2:30 AM;Friday;8:30 AM to 3 AM;Saturday;9 AM to 3 AM;Sunday;10 AM to 12 AM;FALSE;FALSE;3.7;214
Cafetería Aquinas;;C. de Leonardo Prieto Castro, 6, Moncloa - Aravaca, 28040 Madrid, Spain;40.4531316;-3.7217842;Café;Monday;9:30 AM to 4:30 PM;Tuesday;9:30 AM to 4:30 PM;Wednesday;9:30 AM to 4:30 PM;Thursday;9:30 AM to 4:30 PM;Friday;10 AM to 10:30 PM;Saturday;Closed;Sunday;Closed;FALSE;FALSE;4.7;72
R’SPIRO Caleido;;P.º de la Castellana, 259E, Fuencarral-El Pardo, 28046 Madrid, Spain;40.476502;-3.689544;Café;Monday;8 AM to 6 PM;Tuesday;8 AM to 6 PM;Wednesday;8 AM to 6 PM;Thursday;8 AM to 6 PM;Friday;8 AM to 6 PM;Saturday;Closed;Sunday;Closed;FALSE;FALSE;3.4;294
MUTO - Speciality Coffee;;Av. de Europa, 27, Moncloa - Aravaca, 28023 Madrid, Spain;40.4447814;-3.7866631;Café;Monday;9 AM to 8 PM;Tuesday;9 AM to 8 PM;Wednesday;9 AM to 8 PM;Thursday;9 AM to 8 PM;Friday;9 AM to 8 PM;Saturday;9 AM to 8 PM;Sunday;9 AM to 6 PM;FALSE;FALSE;2.1;180
Lodhg ujigbsh;;C. de la Fuente del Romero, 35, Moncloa - Aravaca, 28023 Madrid, Spain;40.4517646;-3.766742;Café;Monday;9 AM to 4 PM;Tuesday;9 AM to 4 PM;Wednesday;9 AM to 4 PM;Thursday;9 AM to 4 PM;Friday;Closed;Saturday;Closed;Sunday;9 AM to 4 PM;FALSE;FALSE;4.0;156
Cafetería Cancún;;Av del Cardenal Herrera Oria, 265, Fuencarral-El Pardo, 28035 Madrid, Spain;40.4799206;-3.7227691;Café;Monday;9 AM to 9 PM;Tuesday;9 AM to 9 PM;Wednesday;9 AM to 9 PM;Thursday;9 AM to 9 PM;Friday;9 AM to 9 PM;Saturday;9 AM to 3 PM;Sunday;Closed;FALSE;FALSE;3.1;275
N U B A CAFE;;Pl. de Carlos Cambronero, 1, Centro, 28004 Madrid, Spain;40.4231346;-3.7042639;Café;Monday;10 AM to 6 PM;Tuesday;Closed;Wednesday;10 AM to 7 PM;Thursday;10 AM to 7 PM;Friday;10 AM to 7 PM;Saturday;10 AM to 7 PM;Sunday;10 AM to 6 PM;FALSE;FALSE;3.9;159
Bar Cafeteria Padilla;;C. de la Huerta de Castañeda, 40, Latina, 28011 Madrid, Spain;40.405276;-3.742418;Café;Monday;7 AM to 2 AM;Tuesday;7 AM to 2 AM;Wednesday;7 AM to 2 AM;Thursday;7 AM to 2 PM;Friday;7 AM to 2 AM;Saturday;7 AM to 2 AM;Sunday;7 AM to 2 AM;FALSE;FALSE;4.9;21
Kawaii Café;;C. de Felipe III, 4, Centro, 28012 Madrid, Spain;40.4160051;-3.7070468;Café;Monday;10 AM to 9:30 PM;Tuesday;10 AM to 9:30 PM;Wednesday;10 AM to 9:30 PM;Thursday;10 AM to 9:30 PM;Friday;10 AM to 9:30 PM;Saturday;10 AM to 9:30 PM;Sunday;10 AM to 9:30 PM;FALSE;FALSE;4.4;312
La Esfera;;Paseo de S. Fco. de Sales, 36, Chamberí, 28003 Madrid, Spain;40.4420227;-3.7130877;Café;Monday;8 AM to 12 AM;Tuesday;8 AM to 12 AM;Wednesday;8 AM to 12 AM;Thursday;8 AM to 12 AM;Friday;8 AM to 2 AM;Saturday;10:30 AM to 2 AM;Sunday;10 AM to 12 AM;FALSE;FALSE;3.4;328
Berim bar;;C. de Maudes, 37, Chamberí, 28003 Madrid, Spain;40.4452417;-3.698326;Café;Monday;7 AM to 11 PM;Tuesday;7 AM to 11 PM;Wednesday;7 AM to 11 PM;Thursday;7 AM to 11 PM;Friday;7 AM to 2 AM;Saturday;7 AM to 2 AM;Sunday;7 AM to 4 PM;FALSE;FALSE;2.7;211
Infernales Café Bar;;Cl. del Marqués de Sta. Ana, 32, Centro, 28004 Madrid, Spain;40.4251966;-3.7037156;Café;Monday;9 AM to 12 AM;Tuesday;9 AM to 12 AM;Wednesday;9 AM to 12 AM;Thursday;9 AM to 1 AM;Friday;9 AM to 2 AM;Saturday;10 AM to 2 AM;Sunday;10 AM to 12 AM;FALSE;FALSE;3.5;147
EL GRANATE;;C. de Mateo Inurria, 13, Chamartín, 28036 Madrid, Spain;40.4668274;-3.6864472;Café;Monday;7:30 AM to 12 AM;Tuesday;7:30 AM to 12 AM;Wednesday;7:30 AM to 12 AM;Thursday;7:30 AM to 12 AM;Friday;7:30 AM to 12 AM;Saturday;8 AM to 12 AM;Sunday;9 AM to 12 AM;FALSE;FALSE;4.1;132
Cafetería Menta y Chocolate;;C. de Santiago de Compostela, 48, Fuencarral-El Pardo, 28034 Madrid, Spain;40.4825876;-3.7047794;Café;Monday;8 AM to 10 PM;Tuesday;8 AM to 10 PM;Wednesday;8 AM to 10 PM;Thursday;8 AM to 10 PM;Friday;8 AM to 10 PM;Saturday;8 AM to 10 PM;Sunday;9 AM to 10 PM;FALSE;FALSE;3.8;242
The Social Hub Restaurant & Bar Madrid;;Cta. de San Vicente, 28, Moncloa - Aravaca, 28008 Madrid, Spain;40.4204849;-3.7165964;Café;Monday;7 AM to 11 PM;Tuesday;7 AM to 11 PM;Wednesday;7 AM to 11 PM;Thursday;7 AM to 11 PM;Friday;7 AM to 11 PM;Saturday;7 AM to 11 PM;Sunday;7 AM to 11 PM;FALSE;FALSE;3.5;338
Café Botanique;;Kiosko 01, P.º de la Castellana, 259E C.C. Caleido - Planta 1 Local 403C, 28036 Madrid, Spain;40.4787801;-3.6885199;Café;Monday;8:30 AM to 8 PM;Tuesday;8:30 AM to 8 PM;Wednesday;8:30 AM to 8 PM;Thursday;8:30 AM to 8 PM;Friday;8:30 AM to 9 PM;Saturday;10 AM to 9 PM;Sunday;Closed;FALSE;FALSE;3.6;243
Café bar Bahía;;C. de Ginzo de Limia, 22, Fuencarral-El Pardo, 28029 Madrid, Spain;40.4772532;-3.7031056;Café;Monday;7 AM to 2 PM;Tuesday;7 AM to 2 PM;Wednesday;7 AM to 2 PM;Thursday;7 AM to 2 PM;Friday;7 AM to 2 PM;Saturday;8 AM to 1 PM;Sunday;Closed;FALSE;FALSE;3.2;150
Etomaga Café;;C. Eloísa de la Hera, 7, Moncloa - Aravaca, 28035 Madrid, Spain;40.4643904;-3.7259553;Café;Monday;8 AM to 8 PM;Tuesday;8 AM to 8 PM;Wednesday;8 AM to 8 PM;Thursday;8 AM to 8 PM;Friday;8 AM to 8 PM;Saturday;8 AM to 8 PM;Sunday;8 AM to 8 PM;FALSE;FALSE;4.1;435
La Barrileña de Chamartín;;C. del Padre Francisco Palau y Quer, 7, Chamartín, 28046 Madrid, Spain;40.4742332;-3.6856507;Café;Monday;7:30 AM to 11:30 PM;Tuesday;7:30 AM to 11:30 PM;Wednesday;7:30 AM to 11:30 PM;Thursday;7:30 AM to 11:30 PM;Friday;7:30 AM to 11:30 PM;Saturday;7:30 AM to 11:30 PM;Sunday;Closed;FALSE;FALSE;3.6;197
Taberna Dala's;;C. de Mauricio Legendre, 2, Chamartín, 28046 Madrid, Spain;40.4697626;-3.6862768;Café;Monday;Closed;Tuesday;8:30 AM to 11 PM;Wednesday;8:30 AM to 11 PM;Thursday;8:30 AM to 11 PM;Friday;8:30 AM to 11 PM;Saturday;8:30 AM to 11 PM;Sunday;8:30 AM to 11 PM;FALSE;FALSE;4.3;372
Noburu specialty coffee;;C. del Dos de Mayo, 9, Centro, 28004 Madrid, Spain;40.4262226;-3.7042445;Café;Monday;8:30 AM to 7:30 PM;Tuesday;8:30 AM to 7:30 PM;Wednesday;8:30 AM to 7:30 PM;Thursday;8:30 AM to 7:30 PM;Friday;8:30 AM to 7:30 PM;Saturday;10 AM to 7:30 PM;Sunday;10 AM to 7:30 PM;FALSE;FALSE;4.1;275
DABOV Specialty Coffee Spain;;C. de Sta. Isabel, 42, Centro, 28012 Madrid, Spain;40.4101176;-3.6974377;Café;Monday;8 AM to 7 PM;Tuesday;8 AM to 7 PM;Wednesday;8 AM to 7 PM;Thursday;8 AM to 7 PM;Friday;8 AM to 7 PM;Saturday;9:30 AM to 7 PM;Sunday;9:30 AM to 7 PM;FALSE;FALSE;2.0;21
Rumbo Coffe and Bakery;;C. del Capitán Blanco Argibay, 19, Tetuán, 28029 Madrid, Spain;40.4649104;-3.6968503;Café;Monday;6 AM to 10:30 PM;Tuesday;6 AM to 10:30 PM;Wednesday;6 AM to 10:30 PM;Thursday;6 AM to 10:30 PM;Friday;6 AM to 11 PM;Saturday;6 AM to 11 PM;Sunday;6 AM to 10:30 PM;FALSE;FALSE;4.1;144
Sole Mio | Specialty Coffee;;C. de la Beneficencia, 13, Centro, 28004 Madrid, Spain;40.4266979;-3.6983661;Café;Monday;8 AM to 7 PM;Tuesday;8 AM to 7 PM;Wednesday;8 AM to 7 PM;Thursday;8 AM to 7 PM;Friday;8 AM to 7 PM;Saturday;8:30 AM to 7:30 PM;Sunday;9 AM to 7 PM;FALSE;FALSE;3.3;199
Natif Coffee & Kitchen Specialty Coffee;;Calle de Sta. Teresa, 2, Bajo- Local 5, Centro, 28004 Madrid, Spain;40.4261424;-3.6964425;Café;Monday;8:30 AM to 8 PM;Tuesday;8:30 AM to 8 PM;Wednesday;8:30 AM to 8 PM;Thursday;8:30 AM to 8 PM;Friday;8:30 AM to 8 PM;Saturday;8:30 AM to 8 PM;Sunday;8:30 AM to 8 PM;FALSE;FALSE;3.2;304
Little Society - Specialty Coffee, Baby Lounge & Play;;C. de la Infanta Mercedes, 4, Tetuán, 28020 Madrid, Spain;40.453578;-3.6990769;Café;Monday;Closed;Tuesday;9 AM to 8 PM;Wednesday;9 AM to 8 PM;Thursday;9 AM to 8 PM;Friday;9 AM to 8 PM;Saturday;9 AM to 8 PM;Sunday;9 AM to 8 PM;FALSE;FALSE;3.8;75
Cafetería Naguará que rico;;Tetuán, 28029 Madrid, Spain;40.4692391;-3.6983222;Café;Monday;9:30 AM to 3 PM, 8 to 11 PM;Tuesday;9:30 AM to 3 PM, 8 to 11 PM;Wednesday;9:30 AM to 3 PM, 8 to 11 PM;Thursday;9:30 AM to 3 PM, 8 to 11 PM;Friday;9:30 AM to 3 PM, 8 to 10 PM;Saturday;Closed;Sunday;10 AM to 3 PM, 8 to 11 PM;FALSE;FALSE;3.1;52
Roscaffé;;Pl. de la Remonta, 1, Tetuán, 28039 Madrid, Spain;40.464542;-3.698154;Café;Monday;7:30 AM to 10 PM;Tuesday;7:30 AM to 10 PM;Wednesday;7:30 AM to 10 PM;Thursday;7:30 AM to 10 PM;Friday;7:30 AM to 10 PM;Saturday;8 AM to 9:30 PM;Sunday;8:30 AM to 3 PM;FALSE;FALSE;4.7;21
Wolføx Madrid Speciality Coffee Roasters;;C. de Pérez Galdós, 2, Centro, 28004 Madrid, Spain;40.422482;-3.7006492;Café;Monday;10 AM to 7 PM;Tuesday;10 AM to 7 PM;Wednesday;10 AM to 7 PM;Thursday;10 AM to 7 PM;Friday;10 AM to 7 PM;Saturday;10 AM to 7 PM;Sunday;10 AM to 7 PM;FALSE;FALSE;3.2;257
Loft Specialty Coffee & Bar;;Av. del Pdte. Carmona, 1, Local Esquina, Tetuán, 28020 Madrid, Spain;40.45323;-3.69754;Café;Monday;9 AM to 8:30 PM;Tuesday;9 AM to 8:30 PM;Wednesday;9 AM to 8:30 PM;Thursday;9 AM to 8:30 PM;Friday;9 AM to 8:30 PM;Saturday;9 AM to 8:30 PM;Sunday;9 AM to 8:30 PM;FALSE;FALSE;3.6;281
Cafetería Jean;;C. de Fermín Caballero, 54, Fuencarral-El Pardo, 28034 Madrid, Spain;40.4839203;-3.7078321;Café;Monday;8 AM to 11 PM;Tuesday;8 AM to 11 PM;Wednesday;8 AM to 11 PM;Thursday;8 AM to 11 PM;Friday;8 AM to 11 PM;Saturday;Closed;Sunday;9 AM to 3 PM;FALSE;FALSE;3.3;240
CAFE LATE;;C. de Bravo Murillo, 359, Tetuán, 28020 Madrid, Spain;40.4653407;-3.6930411;Café;Monday;7:30 AM to 8 PM;Tuesday;7:30 AM to 8 PM;Wednesday;7:30 AM to 8 PM;Thursday;7:30 AM to 8 PM;Friday;7:30 AM to 8 PM;Saturday;8 AM to 8 PM;Sunday;8 AM to 8 PM;FALSE;FALSE;3.6;358
Cafetería 1000 Cups Specialty Coffee;;C. del Capitán Blanco Argibay, 50, Tetuán, 28029 Madrid, Spain;40.4657909;-3.7000857;Café;Monday;8 AM to 3 PM;Tuesday;Closed;Wednesday;8 AM to 4 PM;Thursday;8 AM to 4 PM;Friday;8 AM to 4 PM;Saturday;8:30 AM to 4 PM;Sunday;8:30 AM to 4 PM;FALSE;FALSE;2.6;184
Blé masa y café;;C. de Bravo Murillo, 365, Tetuán, 28020 Madrid, Spain;40.4655246;-3.6921717;Café;Monday;7:30 AM to 8:30 PM;Tuesday;7:30 AM to 8:30 PM;Wednesday;7:30 AM to 8:30 PM;Thursday;7:30 AM to 8:30 PM;Friday;7:30 AM to 8:30 PM;Saturday;9 AM to 8:30 PM;Sunday;Closed;FALSE;FALSE;3.9;237
Emka Coffee Specialty & Brunch;;C. de Rosario Pino, 8, Tetuán, 28020 Madrid, Spain;40.4622146;-3.6914234;Café;Monday;8 AM to 7 PM;Tuesday;8 AM to 7 PM;Wednesday;8 AM to 7 PM;Thursday;8 AM to 7 PM;Friday;8 AM to 7 PM;Saturday;9 AM to 7 PM;Sunday;9 AM to 7 PM;FALSE;FALSE;4.1;188
Muá! Specialty Coffee & Brunch;;Ronda de Segovia, 26, L40, Arganzuela, 28005 Madrid, Spain;40.4082203;-3.7159949;Café;Monday;9:30 AM to 8 PM;Tuesday;Closed;Wednesday;9:30 AM to 8 PM;Thursday;9:30 AM to 8 PM;Friday;9:30 AM to 8 PM;Saturday;9:30 AM to 8 PM;Sunday;9:30 AM to 8 PM;FALSE;FALSE;4.6;62
Nuevo Specialty Coffee;;C. de Cavanilles, 21, Retiro, 28007 Madrid, Spain;40.4062367;-3.6758659;Café;Monday;8:30 AM to 8 PM;Tuesday;8:30 AM to 8 PM;Wednesday;8:30 AM to 8 PM;Thursday;8:30 AM to 8 PM;Friday;8:30 AM to 8 PM;Saturday;9 AM to 8 PM;Sunday;9 AM to 8 PM;FALSE;FALSE;4.2;49
Cafetería;;C. de Fernando Mijares, 44, San Blas-Canillejas, 28027 Madrid, Spain;40.4483828;-3.6238521;Café;;;;;;;;;;;;;;;FALSE;FALSE;4.4;111
Youmy empanadas;;C. de Arrastaria, 14, San Blas-Canillejas, 28022 Madrid, Spain;40.4469124;-3.5864923;Café;Monday;10 AM to 10 PM;Tuesday;10 AM to 10 PM;Wednesday;10 AM to 10 PM;Thursday;10 AM to 10 PM;Friday;10 AM to 10 PM;Saturday;10 AM to 10 PM;Sunday;10 AM to 10 PM;FALSE;FALSE;4.9;575
The Miners Coffee Plaza de España;https://maps.app.goo.gl/LRSKqSpGebK7sq4C7;C. de Ventura Rodríguez, 12, Moncloa - Aravaca, 28008 Madrid, Spain;40.4256779;-3.7136068;Café;;;;;;;;;;;;;;;FALSE;TRUE;4.8;57
Licensed Coffee;https://europeancoffeetrip.com/cafe/licensedcoffee-madrid/;Calle del Cardenal Silíceo, 33, Chamartín, Madrid, Spain;40.443157600;-3.669569500;Café;;;;;;;;;;;;;;;;FALSE;4.2;50
Junior's coffee;https://europeancoffeetrip.com/cafe/juniorscoffee-madrid/;Calle Arturo Soria 44, Madrid, Spain;40.442316100;-3.640838300;Café;;;;;;;;;;;;;;;;FALSE;4.5;30
Lille Drømme kaffe;https://europeancoffeetrip.com/cafe/lilledrommekaffe-madrid/;C. Ugena 5, Madrid, Spain;40.374427800;-3.725034100;Café;;;;;;;;;;;;;;;;FALSE;4.3;25
The Miners Plaza Santa Ana;https://maps.app.goo.gl/uj3VtAJhE8oGZx7j6;C. de San Agustín, 4, Centro, 28014 Madrid, Spain;40.414981;-3.696969;Café;;;;;;;;;;;;;;;FALSE;TRUE;