name,address,lat,lon,rating,reviewCount,website,openingHours,source_id,category,primaryType,fetchedAt
Hey My Coffee - Sol,"C. de Tetuán, 22, Centro, 28013 Madrid, Spain",40.417732799999996,-3.7033735,4.8,528,http://heymycoffee.com/,Monday: 8:00 AM – 9:00 PM; Tuesday: 8:00 AM – 9:00 PM; Wednesday: 8:00 AM – 9:00 PM; Thursday: 8:00 AM – 9:00 PM; Friday: 8:00 AM – 9:00 PM; Saturday: 9:00 AM – 9:00 PM; Sunday: 9:00 AM – 9:00 PM,ChIJdSDiuRUpQg0Rqh1Gr-nFnJI,Regular Cafe,coffee_shop,2026-02-02T10:06:10.307Z
Bagels & more - Specialty Coffee and Bagels,"C. de Segovia, 13, Centro, 28005 Madrid, Spain",40.4135157,-3.7107853000000004,5,78,,Monday: 8:00 AM – 6:00 PM; Tuesday: 8:00 AM – 6:00 PM; Wednesday: 8:00 AM – 6:00 PM; Thursday: 8:00 AM – 6:00 PM; Friday: 8:00 AM – 6:00 PM; Saturday: 8:00 AM – 8:00 PM; Sunday: 8:00 AM – 8:00 PM,ChIJk7lLReApQg0Rb6Dq9_N6O5s,Regular Cafe,coffee_shop,2026-02-02T10:06:10.307Z
ALCHEMY Specialty Coffee 2.0,"C. de Toledo, 81, Centro, 28005 Madrid, Spain",40.4101967,-3.7091990999999997,4.7,356,,Monday: 9:00 AM – 6:00 PM; Tuesday: 8:00 AM – 6:00 PM; Wednesday: 8:00 AM – 6:00 PM; Thursday: 8:00 AM – 6:00 PM; Friday: 8:00 AM – 6:00 PM; Saturday: 9:00 AM – 7:00 PM; Sunday: 9:00 AM – 7:00 PM,ChIJi0gZDdsnQg0R90qYvU_vyWw,Regular Cafe,coffee_shop,2026-02-02T10:06:10.307Z
Pascal Specialty Coffee & Brunch,"C. del Mesón de Paredes, 30, Centro, 28012 Madrid, Spain",40.410250600000005,-3.7044468999999998,4.8,2589,https://linktr.ee/pascalspecialtycoffee,Monday: 9:00 AM – 5:30 PM; Tuesday: 9:00 AM – 4:30 PM; Wednesday: 9:00 AM – 4:30 PM; Thursday: 9:00 AM – 5:30 PM; Friday: 9:00 AM – 5:30 PM; Saturday: 9:00 AM – 6:00 PM; Sunday: 9:00 AM – 6:00 PM,ChIJX2-aAYAnQg0RUj8q3XfYL1k,Regular Cafe,cafe,2026-02-02T10:06:10.307Z
HAT COFFEE - Speciality Coffee,"C. del Mesón de Paredes, 5b, Centro, 28012 Madrid, Spain",40.4116478,-3.7049814,4.5,432,https://hat-coffe.eatbu.com/,Monday: 9:00 AM – 8:00 PM; Tuesday: 9:00 AM – 8:00 PM; Wednesday: 9:00 AM – 8:00 PM; Thursday: 9:00 AM – 8:00 PM; Friday: 9:00 AM – 8:00 PM; Saturday: 9:30 AM – 8:00 PM; Sunday: 9:30 AM – 8:00 PM,ChIJkcobQawpQg0RQvlRTwKx-lY,Regular Cafe,coffee_shop,2026-02-02T10:06:10.307Z
36 Specialty Coffee,"P.º de la Virgen del Puerto, 45, Arganzuela, 28005 Madrid, Spain",40.409227,-3.7210289,5,33,,,ChIJCcgQWwAnQg0R_TiIaq7v_6g,Regular Cafe,coffee_shop,2026-02-02T10:06:10.307Z
Slow Café Madrid,"C. del Mediodía Grande, 20, Centro, 28005 Madrid, Spain",40.4101444,-3.7115889,4.5,879,https://www.instagram.com/slowcafe.madrid/,Monday: 9:00 AM – 8:00 PM; Tuesday: 9:00 AM – 8:00 PM; Wednesday: 9:00 AM – 5:00 PM; Thursday: 9:00 AM – 5:00 PM; Friday: 9:00 AM – 8:00 PM; Saturday: 9:00 AM – 4:00 PM; Sunday: 9:00 AM – 4:00 PM,ChIJDSzzoNcnQg0Rcpe-JkynlH0,Regular Cafe,coffee_shop,2026-02-02T10:06:10.307Z
Pan y Pepinillos Café,"C. de El Escorial, 2, Centro, 28004 Madrid, Spain",40.4237639,-3.7027066000000004,4.9,2385,http://panypepinilloscafe.es/,Monday: 8:00 AM – 8:00 PM; Tuesday: 8:00 AM – 8:00 PM; Wednesday: 8:00 AM – 8:00 PM; Thursday: 8:00 AM – 8:00 PM; Friday: 8:00 AM – 8:00 PM; Saturday: 8:00 AM – 8:00 PM; Sunday: 8:00 AM – 8:00 PM,ChIJkUyQMx8pQg0RpEW71grm4_o,Regular Cafe,coffee_shop,2026-02-02T10:06:10.307Z
Chiripa Coffee & Bakery,"C. de San Bruno, 3, Centro, 28005 Madrid, Spain",40.412861,-3.7080736,4.9,176,https://www.instagram.com/chiripabakery_cafe/,Monday: 10:00 AM – 7:00 PM; Tuesday: Closed; Wednesday: 10:00 AM – 7:00 PM; Thursday: 10:00 AM – 7:00 PM; Friday: 10:00 AM – 7:00 PM; Saturday: 10:00 AM – 7:00 PM; Sunday: 10:00 AM – 7:00 PM,ChIJI6YdovgpQg0R1YDdE-zM_Uc,Regular Cafe,coffee_shop,2026-02-02T10:06:10.307Z
EatMyTrip Gran Via - Specialty Coffee & Brunch Madrid,"C. del Barco, 8, Centro, 28004 Madrid, Spain",40.4213911,-3.7027476000000004,4.7,1067,https://eatmytrip.com/,Monday: 8:30 AM – 4:00 PM; Tuesday: 8:30 AM – 4:00 PM; Wednesday: 8:30 AM – 4:00 PM; Thursday: 8:30 AM – 4:00 PM; Friday: 8:30 AM – 4:00 PM; Saturday: 9:00 AM – 5:00 PM; Sunday: 9:00 AM – 5:00 PM,ChIJ-RGu1n8pQg0RxB9cYFhVwgc,Regular Cafe,brunch_restaurant,2026-02-02T10:06:10.307Z
FOUR Madrid Specialty Coffee,"C. de Calderón de la Barca, 8, Centro, 28013 Madrid, Spain",40.416073499999996,-3.7111596999999996,4.5,813,,Monday: 9:00 AM – 5:00 PM; Tuesday: Closed; Wednesday: 9:00 AM – 5:00 PM; Thursday: 9:00 AM – 5:00 PM; Friday: 9:00 AM – 5:00 PM; Saturday: 10:00 AM – 6:00 PM; Sunday: 10:00 AM – 6:00 PM,ChIJVfoWrPwpQg0RnYN-n17yZ6c,Regular Cafe,coffee_shop,2026-02-02T10:06:10.307Z
Dale Café,"C. de los Relatores, 22, BAJO LOFT, Centro, 28012 Madrid, Spain",40.4126091,-3.7035145999999997,4.7,844,https://instagram.com/dalecafemadrid?igshid=MmJiY2I4NDBkZg==,Monday: 9:00 AM – 8:00 PM; Tuesday: 9:00 AM – 8:00 PM; Wednesday: 9:00 AM – 8:00 PM; Thursday: 9:00 AM – 8:00 PM; Friday: 9:00 AM – 8:00 PM; Saturday: 9:00 AM – 8:00 PM; Sunday: 9:00 AM – 8:00 PM,ChIJ-VuQ4HknQg0Rz8rke1L7ygM,Regular Cafe,coffee_shop,2026-02-02T10:06:10.307Z
Scarlett Ópera - Palacio Real | Specialty Coffee • Real Food,"C. de Felipe V, Centro, 28013 Madrid, Spain",40.4187726,-3.7105121,4.8,425,,Monday: 8:00 AM – 9:30 PM; Tuesday: 8:00 AM – 9:30 PM; Wednesday: 8:00 AM – 9:30 PM; Thursday: 9:00 AM – 9:30 PM; Friday: 8:00 AM – 9:30 PM; Saturday: 8:00 AM – 9:30 PM; Sunday: 8:00 AM – 9:30 PM,ChIJuburKegpQg0R34iELzKBK3g,Regular Cafe,brunch_restaurant,2026-02-02T10:06:10.307Z
Platero's - Specialty Coffee & Bår,"Pl. Sisenando, 3, Latina, 28011 Madrid, Spain",40.408496799999995,-3.7357837999999997,4.8,177,https://www.instagram.com/plateros.house/,Monday: 8:30 AM – 9:00 PM; Tuesday: 8:30 AM – 9:00 PM; Wednesday: 8:30 AM – 9:00 PM; Thursday: 8:30 AM – 9:00 PM; Friday: 8:30 AM – 9:00 PM; Saturday: 9:00 AM – 8:00 PM; Sunday: 9:00 AM – 8:00 PM,ChIJuZGnLm8nQg0RmSiqbJpEZ-4,Regular Cafe,bar,2026-02-02T10:06:10.307Z
BRUTAL SPECIALTY COFFEE,"Pl. del Ángel, 5, Centro, 28012 Madrid, Spain",40.4144218,-3.7021457,4.2,884,https://deartee.com/qr/,Monday: 8:30 AM – 8:00 PM; Tuesday: 8:30 AM – 8:00 PM; Wednesday: 8:30 AM – 8:00 PM; Thursday: 8:30 AM – 8:00 PM; Friday: 8:30 AM – 8:00 PM; Saturday: 9:00 AM – 8:00 PM; Sunday: 9:00 AM – 8:00 PM,ChIJi20NO0EpQg0ReWund5yaRcQ,Regular Cafe,coffee_shop,2026-02-02T10:06:10.307Z
PASTORA – Café & Bottle Shop,"Carrera de San Francisco, 12, Centro, 28005 Madrid, Spain",40.410952099999996,-3.7130102999999997,4.8,500,http://www.instagram.com/hola.pastora/,Monday: 8:00 AM – 8:00 PM; Tuesday: 8:00 AM – 8:00 PM; Wednesday: 8:00 AM – 8:00 PM; Thursday: 8:00 AM – 8:00 PM; Friday: 8:00 AM – 8:00 PM; Saturday: 9:00 AM – 8:00 PM; Sunday: 9:00 AM – 8:00 PM,ChIJ-QqH0hUnQg0RSoN4jNxokOE,Regular Cafe,coffee_shop,2026-02-02T10:06:10.307Z
Urbano Specialty Coffee,"C. de Sta. Bárbara, 8, Centro, 28004 Madrid, Spain",40.424344,-3.7014136,4.4,1303,https://urbanospecialtycoffee.es/,Monday: 9:00 AM – 6:30 PM; Tuesday: Closed; Wednesday: 9:00 AM – 6:30 PM; Thursday: 9:00 AM – 6:30 PM; Friday: 9:00 AM – 6:00 PM; Saturday: 9:00 AM – 7:00 PM; Sunday: 9:00 AM – 7:00 PM,ChIJCeiOaogoQg0R2MtI-9qyBmw,Regular Cafe,cafe,2026-02-02T10:06:10.307Z
Boconó Specialty Coffee,"C. de Embajadores, 3, Centro, 28012 Madrid, Spain",40.4106247,-3.7066763999999996,4.3,1472,https://boconospecialtycoffee.com/,Monday: 9:00 AM – 8:00 PM; Tuesday: 9:00 AM – 8:00 PM; Wednesday: 9:00 AM – 8:00 PM; Thursday: 9:00 AM – 8:00 PM; Friday: 9:00 AM – 8:00 PM; Saturday: 9:00 AM – 7:30 PM; Sunday: 9:00 AM – 7:00 PM,ChIJMZhlxtUnQg0RWeFypVUAKn4,Regular Cafe,coffee_shop,2026-02-02T10:06:10.307Z
Umami Churro Specialty Coffee,"C. de Preciados, 40, Centro, 28013 Madrid, Spain",40.4198798,-3.7070923999999996,4.8,15,http://www.umamicoffeeroasters.com/,Monday: 9:00 AM – 8:00 PM; Tuesday: 9:00 AM – 8:00 PM; Wednesday: 9:00 AM – 8:00 PM; Thursday: 9:00 AM – 8:00 PM; Friday: 9:00 AM – 10:00 PM; Saturday: 9:00 AM – 10:00 PM; Sunday: 9:00 AM – 8:00 PM,ChIJvYmvzAgpQg0RK71airXCXRo,Regular Cafe,cafe,2026-02-02T10:06:10.307Z
Ambu Coffee | Specialty Coffee Shop,"C. del Pez, 36, Centro, 28004 Madrid, Spain",40.4242162,-3.7063170000000003,4.2,913,https://ambu.coffee/,Monday: 8:30 AM – 8:00 PM; Tuesday: 8:30 AM – 8:00 PM; Wednesday: 8:30 AM – 8:00 PM; Thursday: 8:30 AM – 8:00 PM; Friday: 8:30 AM – 8:00 PM; Saturday: 9:00 AM – 8:00 PM; Sunday: 9:00 AM – 8:00 PM,ChIJ8_ggGZspQg0RlXn604dYkz8,Regular Cafe,coffee_shop,2026-02-02T10:06:10.307Z
KM33 Specialty Coffee,"P.º de la Esperanza, 33, Arganzuela, 28005 Madrid, Spain",40.399999099999995,-3.7035279,5,37,https://fitbikemadrid.es/,"Monday: 9:30 AM – 1:30 PM, 4:00 – 7:00 PM; Tuesday: 9:30 AM – 1:30 PM, 4:00 – 7:00 PM; Wednesday: 9:30 AM – 1:30 PM, 4:00 – 7:00 PM; Thursday: 9:30 AM – 1:30 PM, 4:00 – 7:00 PM; Friday: 9:30 AM – 1:30 PM, 4:00 – 7:00 PM; Saturday: 10:30 AM – 2:00 PM; Sunday: Closed",ChIJj41pXQknQg0RfwJCFMabTC4,Regular Cafe,coffee_shop,2026-02-02T10:06:10.307Z
Kraleva Specialty Coffee,"C. de Embajadores, 14, Centro, 28012 Madrid, Spain",40.4099887,-3.7063675999999997,4.5,288,,Monday: 9:00 AM – 8:00 PM; Tuesday: 9:00 AM – 8:00 PM; Wednesday: 9:00 AM – 8:00 PM; Thursday: 9:00 AM – 8:00 PM; Friday: 9:00 AM – 8:00 PM; Saturday: 9:00 AM – 8:00 PM; Sunday: 9:00 AM – 8:00 PM,ChIJ17_Ap1cnQg0ReRIigaiLcRI,Regular Cafe,coffee_shop,2026-02-02T10:06:10.307Z
Motiko - Specialty Coffee & Matcha,"C. del Príncipe, 12, Centro, 28012 Madrid, Spain",40.4157873,-3.7004821,4.5,545,https://www.instagram.com/momodochi.es?igsh=MTYzc2VobmJlbHZsbA==,Monday: 8:30 AM – 8:00 PM; Tuesday: Closed; Wednesday: 8:30 AM – 8:00 PM; Thursday: 8:30 AM – 8:00 PM; Friday: 9:00 AM – 8:00 PM; Saturday: 9:30 AM – 9:00 PM; Sunday: 9:30 AM – 8:00 PM,ChIJAWwhJLIpQg0RFDrqiU7nWOA,Regular Cafe,coffee_shop,2026-02-02T10:06:10.307Z
Bocono Specialty Coffee,"CC X Madrid, C. Oslo, 53, 28922 Alcorcón, Madrid, Spain",40.339632800000004,-3.8483544,4.6,343,https://boconospecialtycoffee.com/,Monday: 9:30 AM – 9:30 PM; Tuesday: 9:30 AM – 9:30 PM; Wednesday: 9:30 AM – 9:30 PM; Thursday: 9:30 AM – 9:30 PM; Friday: 9:30 AM – 9:30 PM; Saturday: 9:30 AM – 9:30 PM; Sunday: 9:30 AM – 9:30 PM,ChIJOSqsDwCPQQ0Rb_Rd3WBDMbw,Regular Cafe,coffee_shop,2026-02-02T10:06:10.307Z
Lady Madrid Roaster and Speciality Coffee,"Av. de Gran Bretaña, S / N, 28916 Leganés, Madrid, Spain",40.339668499999995,-3.7357880000000003,4.7,172,,Monday: 9:00 AM – 10:00 PM; Tuesday: 9:00 AM – 10:00 PM; Wednesday: 9:00 AM – 10:00 PM; Thursday: 9:00 AM – 10:00 PM; Friday: 9:00 AM – 10:00 PM; Saturday: 9:00 AM – 10:00 PM; Sunday: 9:00 AM – 9:00 PM,ChIJ3zcsdwAnQg0RysvnwwVfzUg,Regular Cafe,coffee_shop,2026-02-02T10:06:10.307Z
Syra Coffee - Sol,"C. de las Fuentes, 13, Centro, 28013 Madrid, Spain",40.4175232,-3.7086782000000005,4.6,618,https://syra.coffee/,Monday: 7:30 AM – 7:00 PM; Tuesday: 7:30 AM – 7:00 PM; Wednesday: 7:30 AM – 7:00 PM; Thursday: 7:30 AM – 7:00 PM; Friday: 7:30 AM – 7:00 PM; Saturday: 8:30 AM – 6:30 PM; Sunday: 8:30 AM – 6:30 PM,ChIJo6-u-z0pQg0RK7IFDRn1gOQ,Regular Cafe,coffee_shop,2026-02-02T10:06:10.307Z
Plántate: Better Coffee & Brunch,"C. del Mesón de Paredes, 28, Centro, 28012 Madrid, Spain",40.4103754,-3.7044934,4.6,1153,http://instagram.com/plantatecafe,Monday: 8:30 AM – 6:30 PM; Tuesday: 8:30 AM – 2:30 PM; Wednesday: 8:30 AM – 2:30 PM; Thursday: 8:30 AM – 3:00 PM; Friday: 8:30 AM – 6:30 PM; Saturday: 9:00 AM – 6:30 PM; Sunday: 9:00 AM – 6:30 PM,ChIJ0fvgHdUnQg0R0GnqJECL9Og,Regular Cafe,cafe,2026-02-02T10:06:10.307Z
El Perro de Pavlov Café,"Costanilla de San Pedro, 5, Centro, 28005 Madrid, Spain",40.412619899999996,-3.7106114999999997,4.7,1088,http://www.instagram.com/perropavlov,Monday: 9:00 AM – 6:00 PM; Tuesday: 9:00 AM – 6:00 PM; Wednesday: 9:00 AM – 6:00 PM; Thursday: 9:00 AM – 6:00 PM; Friday: 9:00 AM – 6:00 PM; Saturday: 10:00 AM – 8:00 PM; Sunday: 10:00 AM – 8:00 PM,ChIJT8MDy3MnQg0RBhIj7BXYWJ0,Regular Cafe,coffee_shop,2026-02-02T10:06:10.307Z
Hola Coffee Roastery,"Av. de Pedro Diez, 21Bis, Local, Carabanchel, 28019 Madrid, Spain",40.3915089,-3.7316241999999997,4.6,61,http://www.hola.coffee/,Monday: 8:00 AM – 8:00 PM; Tuesday: 8:00 AM – 8:00 PM; Wednesday: 8:00 AM – 8:00 PM; Thursday: 8:00 AM – 8:00 PM; Friday: 8:00 AM – 8:00 PM; Saturday: 9:00 AM – 8:00 PM; Sunday: 9:00 AM – 8:00 PM,ChIJaRj3GdeJQQ0R1mcNz3flSwE,Regular Cafe,coffee_shop,2026-02-02T10:06:10.307Z
Cafelito,"C. del Sombrerete, 20, Centro, 28012 Madrid, Spain",40.408372899999996,-3.7027368999999997,4.7,1326,https://cafelito.es/,Monday: 8:00 AM – 9:00 PM; Tuesday: 8:00 AM – 9:00 PM; Wednesday: 8:00 AM – 9:00 PM; Thursday: 8:00 AM – 9:00 PM; Friday: 8:00 AM – 9:00 PM; Saturday: 9:00 AM – 9:00 PM; Sunday: 9:00 AM – 9:00 PM,ChIJzeZE9sAnQg0RQatxg58ZB5w,Regular Cafe,coffee_shop,2026-02-02T10:06:10.307Z
The Fix Coffee Roasters,"C. de José Sánchez Pescador, 4, Retiro, 28007 Madrid, Spain",40.4068298,-3.6785438999999998,4.9,66,https://www.thefix.coffee/,Monday: 9:00 AM – 6:00 PM; Tuesday: 9:00 AM – 6:00 PM; Wednesday: 9:00 AM – 6:00 PM; Thursday: 9:00 AM – 6:00 PM; Friday: 9:00 AM – 6:00 PM; Saturday: 9:00 AM – 6:00 PM; Sunday: 9:00 AM – 6:00 PM,ChIJ45AEsbknQg0RhaDYtm1kw7g,Regular Cafe,coffee_shop,2026-02-02T10:06:10.307Z
Nubra Coffee Roasters,"C. de la Alameda, 10, Centro, 28014 Madrid, Spain",40.4118996,-3.6938784,4.9,106,https://nubra.coffee/,Monday: 9:00 AM – 5:00 PM; Tuesday: 9:00 AM – 5:00 PM; Wednesday: 9:00 AM – 5:00 PM; Thursday: 9:00 AM – 5:00 PM; Friday: 9:00 AM – 5:00 PM; Saturday: 9:00 AM – 5:00 PM; Sunday: 9:00 AM – 5:00 PM,ChIJlWlI1t0pQg0RIPORI5Z_TNs,Regular Cafe,food,2026-02-02T10:06:10.307Z
BUNA SPECIALTY COFFEE,"C. del Conde de Aranda, 10, Salamanca, 28001 Madrid, Spain",40.4216645,-3.6873812999999998,5,415,https://www.bunaspecialty.com/,Monday: 9:00 AM – 6:00 PM; Tuesday: 9:00 AM – 6:00 PM; Wednesday: 9:00 AM – 6:00 PM; Thursday: 9:00 AM – 6:00 PM; Friday: 9:00 AM – 6:00 PM; Saturday: 9:30 AM – 6:00 PM; Sunday: Closed,ChIJPz9AewspQg0R0eKPnO5mbqQ,Regular Cafe,coffee_shop,2026-02-02T10:06:10.307Z
Kissaten.place Specialty coffee,"C. de Menorca, 5, bajo derecha, Retiro, 28009 Madrid, Spain",40.4195923,-3.678431099999999,4.9,505,https://linktr.ee/kissatenplace,Monday: 8:00 AM – 7:00 PM; Tuesday: 8:00 AM – 7:00 PM; Wednesday: 8:00 AM – 7:00 PM; Thursday: 8:00 AM – 7:00 PM; Friday: 8:00 AM – 7:00 PM; Saturday: 9:00 AM – 7:00 PM; Sunday: 9:00 AM – 2:00 PM,ChIJl4WFAGEpQg0RkEStduwzdvA,Regular Cafe,coffee_shop,2026-02-02T10:06:10.307Z
DABOV Specialty Coffee Spain,"C. de Sta. Isabel, 42, Centro, 28012 Madrid, Spain",40.4101176,-3.6974377000000005,4.8,869,https://dabov.coffee/,Monday: 8:00 AM – 7:00 PM; Tuesday: 8:00 AM – 7:00 PM; Wednesday: 8:00 AM – 7:00 PM; Thursday: 8:00 AM – 7:00 PM; Friday: 8:00 AM – 7:00 PM; Saturday: 9:30 AM – 7:00 PM; Sunday: 9:30 AM – 7:00 PM,ChIJ2x0-A9gnQg0R8KlupqjUOlc,Regular Cafe,cafe,2026-02-02T10:06:10.307Z
Koffie Specialty Coffee & Vinos Naturales,"C. de la Batalla del Salado, 31, Arganzuela, 28045 Madrid, Spain",40.4003376,-3.6960480999999996,4.8,176,,Monday: 9:30 AM – 6:30 PM; Tuesday: 9:30 AM – 6:30 PM; Wednesday: 9:30 AM – 2:00 PM; Thursday: 9:30 AM – 6:30 PM; Friday: 9:30 AM – 6:30 PM; Saturday: 10:00 AM – 6:30 PM; Sunday: 10:00 AM – 5:00 PM,ChIJPWSGxL8nQg0RnrS_k3_Kdks,Regular Cafe,coffee_shop,2026-02-02T10:06:10.307Z
Minos Pastry & Specialty coffee,"Calle del Dr. Castelo, 17, Retiro, 28009 Madrid, Spain",40.4205094,-3.6773737,5,202,https://www.minospastry.es/,Monday: 8:00 AM – 8:30 PM; Tuesday: 8:00 AM – 8:30 PM; Wednesday: 8:00 AM – 8:30 PM; Thursday: 8:00 AM – 8:30 PM; Friday: 8:00 AM – 8:30 PM; Saturday: 8:30 AM – 8:30 PM; Sunday: 8:30 AM – 8:30 PM,ChIJT5lX7AApQg0R5ETfPzWb3N8,Regular Cafe,coffee_shop,2026-02-02T10:06:10.307Z
Nuevo Specialty Coffee,"C. de Cavanilles, 21, Retiro, 28007 Madrid, Spain",40.4062367,-3.6758659,4.6,227,,Monday: 8:30 AM – 8:00 PM; Tuesday: 8:30 AM – 8:00 PM; Wednesday: 8:30 AM – 8:00 PM; Thursday: 8:30 AM – 8:00 PM; Friday: 8:30 AM – 8:00 PM; Saturday: 8:30 AM – 8:00 PM; Sunday: 8:30 AM – 8:00 PM,ChIJyXA1BAAnQg0RfoJCCIGM5Wk,Regular Cafe,coffee_shop,2026-02-02T10:06:10.307Z
East Crema Coffee Almirante (Specialty Coffee Madrid),"Calle del Almirante, 10, Centro, 28004 Madrid, Spain",40.4223943,-3.6945469,4.6,416,http://www.eastcrema.com/,Monday: 8:00 AM – 8:00 PM; Tuesday: 8:00 AM – 8:00 PM; Wednesday: 8:00 AM – 8:00 PM; Thursday: 8:00 AM – 8:00 PM; Friday: 8:00 AM – 8:00 PM; Saturday: 9:00 AM – 8:00 PM; Sunday: 9:00 AM – 8:00 PM,ChIJe4ocPJgpQg0RvgxfmenchdQ,Regular Cafe,coffee_shop,2026-02-02T10:06:10.307Z
CAFÉ ANAYAD,"C. de Granada, 11, Retiro, 28007 Madrid, Spain",40.4050064,-3.6795164999999996,4.8,538,https://cafeanayad.es/,"Monday: 8:00 AM – 1:30 PM, 4:00 – 8:00 PM; Tuesday: 8:00 AM – 1:30 PM, 4:00 – 8:00 PM; Wednesday: 8:00 AM – 1:30 PM, 4:00 – 8:00 PM; Thursday: 8:00 AM – 1:30 PM, 4:00 – 8:00 PM; Friday: 8:00 AM – 1:30 PM, 4:00 – 8:00 PM; Saturday: 9:00 AM – 8:00 PM; Sunday: 9:00 AM – 8:00 PM",ChIJpzgruD8nQg0RFl_vOJ7BBHY,Regular Cafe,coffee_shop,2026-02-02T10:06:10.307Z
Ambu Coffee Letras | Specialty Coffee Shop,"C. de las Huertas, 17, Centro, 28012 Madrid, Spain",40.4138574,-3.6997539,4.5,637,https://ambu.coffee/,Monday: 8:30 AM – 8:00 PM; Tuesday: 8:30 AM – 8:00 PM; Wednesday: 8:30 AM – 8:00 PM; Thursday: 8:30 AM – 8:00 PM; Friday: 8:30 AM – 8:00 PM; Saturday: 9:00 AM – 8:00 PM; Sunday: 9:00 AM – 8:00 PM,ChIJu7uLScEpQg0RHNBiknTlD-0,Regular Cafe,coffee_shop,2026-02-02T10:06:10.307Z
FELIZ COFFEE TO STAY,"C. de Manuel Fernández y González, 17, Centro, 28014 Madrid, Spain",40.4152537,-3.6990990999999998,4.6,1611,,Monday: 8:00 AM – 5:00 PM; Tuesday: 8:00 AM – 4:30 PM; Wednesday: 8:00 AM – 4:30 PM; Thursday: 8:00 AM – 6:00 PM; Friday: 8:00 AM – 5:00 PM; Saturday: 8:30 AM – 6:00 PM; Sunday: 8:30 AM – 6:00 PM,ChIJxT6kCPApQg0RM3SNZyq7WVA,Regular Cafe,cafe,2026-02-02T10:06:10.307Z
Bucólico Café,"C. de Barbieri, 4, Centro, 28004 Madrid, Spain",40.4207502,-3.6982083999999995,4.8,5331,https://bucolicocafe.es/,Monday: 8:30 AM – 7:00 PM; Tuesday: 8:30 AM – 7:00 PM; Wednesday: 8:30 AM – 7:00 PM; Thursday: 8:30 AM – 7:00 PM; Friday: 8:30 AM – 7:00 PM; Saturday: 8:30 AM – 7:00 PM; Sunday: 8:30 AM – 7:00 PM,ChIJISTRIt8pQg0RB6KnOzFMo1g,Regular Cafe,cafe,2026-02-02T10:06:10.307Z
Círculo Coffee Studio,"C. de las Infantas, 30, Local 02, Centro, 28004 Madrid, Spain",40.4203812,-3.6985889,4.6,693,,Monday: 9:30 AM – 6:00 PM; Tuesday: 9:00 AM – 6:00 PM; Wednesday: 9:00 AM – 6:00 PM; Thursday: 9:00 AM – 6:00 PM; Friday: 9:00 AM – 8:00 PM; Saturday: 9:00 AM – 9:00 PM; Sunday: 9:00 AM – 8:00 PM,ChIJiZAZpRMpQg0RqqYtDrot5Pw,Regular Cafe,cafe,2026-02-02T10:06:10.307Z
Sakuhin Coffee,"C. de Gravina, 22, L4, Centro, Centro, 28004 Madrid, Spain",40.4224736,-3.696164,4.8,105,,Monday: 8:00 AM – 3:00 PM; Tuesday: 8:00 AM – 8:00 PM; Wednesday: 8:00 AM – 8:00 PM; Thursday: 8:00 AM – 8:00 PM; Friday: 8:00 AM – 8:00 PM; Saturday: 10:00 AM – 8:00 PM; Sunday: 10:00 AM – 8:00 PM,ChIJI_5v6s4pQg0RFoikPZ_aRZ4,Regular Cafe,coffee_shop,2026-02-02T10:06:10.307Z
Hola Coffee Lagasca,"Calle de Lagasca, 42, Salamanca, 28001 Madrid, Spain",40.4249545,-3.6853251999999994,4.5,582,http://www.hola.coffee/,Monday: 8:00 AM – 8:00 PM; Tuesday: 8:00 AM – 8:00 PM; Wednesday: 8:00 AM – 8:00 PM; Thursday: 8:00 AM – 8:00 PM; Friday: 8:00 AM – 8:00 PM; Saturday: 9:00 AM – 8:00 PM; Sunday: 9:00 AM – 8:00 PM,ChIJee89rmEpQg0RE4i5iUYd7cY,Regular Cafe,coffee_shop,2026-02-02T10:06:10.307Z
FELIZ COFFEE TO GO,"C. de Lope de Vega, 2, Centro, 28014 Madrid, Spain",40.4138692,-3.6987351000000004,4.8,147,,Monday: 8:00 AM – 3:45 PM; Tuesday: 8:00 AM – 3:45 PM; Wednesday: 8:00 AM – 3:45 PM; Thursday: 8:00 AM – 3:45 PM; Friday: 8:00 AM – 3:45 PM; Saturday: 9:00 AM – 5:00 PM; Sunday: 9:00 AM – 5:00 PM,ChIJZ3b1mu8pQg0Rcz1c3DUjBYg,Regular Cafe,coffee_shop,2026-02-02T10:06:10.307Z
Lilo Brunch Madrid | Chueca,"C. de la Libertad, 3, Centro, 28004 Madrid, Spain",40.4203529,-3.6975687,4.8,2806,http://lilobrunch.com/,Monday: 9:00 AM – 5:00 PM; Tuesday: 9:00 AM – 5:00 PM; Wednesday: 9:00 AM – 5:00 PM; Thursday: 9:00 AM – 5:00 PM; Friday: 9:00 AM – 8:00 PM; Saturday: 9:00 AM – 8:00 PM; Sunday: 9:00 AM – 5:00 PM,ChIJG_kN1fIpQg0RhTtQIuepYFo,Regular Cafe,brunch_restaurant,2026-02-02T10:06:10.307Z
Religion Coffee SHOP,"Calle del Príncipe de Vergara, 16, Salamanca, 28001 Madrid, Spain",40.4247051,-3.6799952,4.6,378,http://www.religioncoffee.es/,Monday: 8:00 AM – 8:00 PM; Tuesday: 8:00 AM – 8:00 PM; Wednesday: 8:00 AM – 8:00 PM; Thursday: 8:00 AM – 8:00 PM; Friday: 8:00 AM – 8:00 PM; Saturday: 9:00 AM – 8:00 PM; Sunday: 9:00 AM – 6:00 PM,ChIJx-U_VRopQg0RSBY1WS6PXog,Regular Cafe,cafe,2026-02-02T10:06:10.307Z
Osom Coffee Cantine,"C. de Moratín, 38, Bajo 3, Centro, 28014 Madrid, Spain",40.4125596,-3.695297,4.5,1988,http://www.somososom.com/,Monday: 8:00 AM – 8:00 PM; Tuesday: 8:00 AM – 8:00 PM; Wednesday: 8:00 AM – 8:00 PM; Thursday: 8:00 AM – 8:00 PM; Friday: 8:00 AM – 8:00 PM; Saturday: 8:00 AM – 8:00 PM; Sunday: 8:00 AM – 8:00 PM,ChIJiR5h7qQnQg0RKR6UjCLGx2Q,Regular Cafe,coffee_shop,2026-02-02T10:06:10.307Z
Scarlett Atocha - Reina Sofía | Specialty Coffee • Real Food,"Pl. del Emperador Carlos V, 10, Centro, 28012 Madrid, Spain",40.4088529,-3.6927178000000005,4.6,2239,,Monday: 8:00 AM – 9:30 PM; Tuesday: 8:00 AM – 9:30 PM; Wednesday: 8:00 AM – 9:30 PM; Thursday: 8:00 AM – 9:30 PM; Friday: 8:00 AM – 9:30 PM; Saturday: 8:00 AM – 9:30 PM; Sunday: 8:00 AM – 9:30 PM,ChIJpaeX6lcnQg0Rg2gjg-o19ng,Regular Cafe,brunch_restaurant,2026-02-02T10:06:10.307Z
VEIA Café & Clubhouse,"C/ del Alcalde Sainz de Baranda, 32, Retiro, 28009 Madrid, Spain",40.4166441,-3.6743842,4.9,239,https://www.veiacafe.es/,Monday: 8:30 AM – 7:30 PM; Tuesday: 8:30 AM – 7:30 PM; Wednesday: 8:30 AM – 7:30 PM; Thursday: 8:30 AM – 7:00 PM; Friday: 8:30 AM – 7:30 PM; Saturday: 9:30 AM – 7:30 PM; Sunday: 9:30 AM – 6:00 PM,ChIJQwyORmEpQg0RwTNQCnv4_eI,Regular Cafe,cafe,2026-02-02T10:06:10.307Z
Luna & Wanda | Specialty Coffee & Cheesecake,"C. de Belén, 2, Centro, 28004 Madrid, Spain",40.4243404,-3.6972183000000003,4.7,182,https://www.lunaywanda.com/,Monday: 8:30 AM – 9:00 PM; Tuesday: 8:30 AM – 9:00 PM; Wednesday: 8:30 AM – 9:00 PM; Thursday: 8:30 AM – 9:00 PM; Friday: 8:30 AM – 9:00 PM; Saturday: 9:30 AM – 9:00 PM; Sunday: 9:30 AM – 9:00 PM,ChIJwZrNRngpQg0RGUvU15ywR_U,Regular Cafe,coffee_shop,2026-02-02T10:06:10.307Z
Literal Coffee,"C. de las Huertas, 69, Centro, Centro, 28014 Madrid, Spain",40.413128,-3.6957479,4.8,133,https://www.instagram.com/literal.coffee?igsh=Y3RlaWtnb2x5Znd0,Monday: 9:00 AM – 5:00 PM; Tuesday: 9:00 AM – 5:00 PM; Wednesday: 9:00 AM – 5:00 PM; Thursday: 9:00 AM – 7:00 PM; Friday: 9:00 AM – 7:00 PM; Saturday: 9:00 AM – 7:00 PM; Sunday: 9:00 AM – 7:00 PM,ChIJJfOCWAApQg0RZsGfX0dGSOA,Regular Cafe,coffee_shop,2026-02-02T10:06:10.307Z
Casa Neutrale® Coffee,"C. de Regueros, 13, Centro, 28004 Madrid, Spain",40.4248458,-3.6963003000000003,4.4,882,https://www.casaneutrale.com/casacoffee,Monday: 8:00 AM – 8:00 PM; Tuesday: 8:00 AM – 8:00 PM; Wednesday: 8:00 AM – 8:00 PM; Thursday: 8:00 AM – 8:00 PM; Friday: 8:00 AM – 8:00 PM; Saturday: 9:00 AM – 7:00 PM; Sunday: 9:00 AM – 7:00 PM,ChIJxefkvs4pQg0RvlHu2CfLlTQ,Regular Cafe,cafe,2026-02-02T10:06:10.307Z
Breaking coffe & brunch (specialty coffee/café de especialidad),"C. de Máiquez, 30, Retiro, 28009 Madrid, Spain",40.4197443,-3.6731208,4.4,326,https://breakingcoffee.es/,Monday: 8:00 AM – 4:00 PM; Tuesday: 8:00 AM – 4:00 PM; Wednesday: 8:00 AM – 4:00 PM; Thursday: 8:00 AM – 4:00 PM; Friday: 8:00 AM – 4:00 PM; Saturday: 11:00 AM – 3:00 PM; Sunday: Closed,ChIJ8-cx7qUoQg0RpdDs6VRqWhY,Regular Cafe,coffee_shop,2026-02-02T10:06:10.307Z
Hola Coffee Fourquet,"Calle del Dr. Fourquet, 33, Centro, 28012 Madrid, Spain",40.4070207,-3.6990835,4.4,1109,http://hola.coffee/,Monday: 8:00 AM – 8:00 PM; Tuesday: 8:00 AM – 8:00 PM; Wednesday: 8:00 AM – 8:00 PM; Thursday: 8:00 AM – 8:00 PM; Friday: 8:00 AM – 8:00 PM; Saturday: 9:00 AM – 8:00 PM; Sunday: 9:00 AM – 8:00 PM,ChIJz2ZMEywmQg0R0xzWYwP0OY8,Regular Cafe,coffee_shop,2026-02-02T10:06:10.307Z
UMAMI BAKE AWAY,"C. de Moratín, 39, local A, Centro, 28014 Madrid, Spain",40.412619899999996,-3.6953227,4.7,114,https://www.umamispecialtycoffee.com/,Monday: 7:30 AM – 7:00 PM; Tuesday: 7:30 AM – 7:00 PM; Wednesday: 7:30 AM – 7:00 PM; Thursday: 7:30 AM – 7:00 PM; Friday: 7:30 AM – 7:00 PM; Saturday: 8:00 AM – 8:00 PM; Sunday: 8:00 AM – 8:00 PM,ChIJQV-KJW0nQg0R1Thb_0OtTck,Regular Cafe,bakery,2026-02-02T10:06:10.307Z
Barehua | Brunch Bakery Specialty Coffee,"C. del León, 23, Centro, 28014 Madrid, Spain",40.4132586,-3.6990719,4.6,1302,https://linktr.ee/barehua,Monday: 9:00 AM – 8:00 PM; Tuesday: 9:00 AM – 8:00 PM; Wednesday: 9:00 AM – 8:00 PM; Thursday: 9:00 AM – 8:00 PM; Friday: 9:00 AM – 8:00 PM; Saturday: 9:00 AM – 7:00 PM; Sunday: 9:00 AM – 7:00 PM,ChIJDw4pnxkpQg0RX8PWV3yIS-8,Regular Cafe,brunch_restaurant,2026-02-02T10:06:10.307Z
Vita Sana,"C. de Máiquez, 66, Retiro, 28009 Madrid, Spain",40.4163377,-3.6733637000000003,4.9,62,,Monday: 8:00 AM – 11:00 PM; Tuesday: 8:00 AM – 11:00 PM; Wednesday: 8:00 AM – 11:00 PM; Thursday: 8:00 AM – 11:00 PM; Friday: 8:00 AM – 11:00 PM; Saturday: 9:00 AM – 11:00 PM; Sunday: 9:00 AM – 11:00 PM,ChIJq3RMbAApQg0RjNgbYUqcs34,Regular Cafe,coffee_shop,2026-02-02T10:06:10.307Z
90° Coffee,"C. de Sánchez Bustillo, 7, Centro, 28012 Madrid, Spain",40.4089999,-3.69351,4.2,103,https://90gradoscoffee.com/,Monday: 9:00 AM – 8:00 PM; Tuesday: 9:00 AM – 8:00 PM; Wednesday: 9:00 AM – 8:00 PM; Thursday: 9:00 AM – 8:00 PM; Friday: 9:00 AM – 8:00 PM; Saturday: 9:00 AM – 8:00 PM; Sunday: 9:00 AM – 8:00 PM,ChIJ-4CSnyUnQg0RQCipZRVGPDk,Regular Cafe,coffee_shop,2026-02-02T10:06:10.307Z
Yupick,"C. de Columela, 4, Salamanca, 28001 Madrid, Spain",40.4209791,-3.6878982000000002,4.7,147,https://yupickcafe.es/,Monday: 9:00 AM – 7:00 PM; Tuesday: 9:00 AM – 7:00 PM; Wednesday: 9:00 AM – 7:00 PM; Thursday: 9:00 AM – 7:00 PM; Friday: 9:00 AM – 7:00 PM; Saturday: 9:00 AM – 7:00 PM; Sunday: 9:00 AM – 7:00 PM,ChIJgUzzmQMpQg0R0ptNIBbz39g,Regular Cafe,coffee_shop,2026-02-02T10:06:10.307Z
Crema y Nata,"Calle del Dr. Fourquet, 37, Local bajo izquierdo, Centro, 28012 Madrid, Spain",40.406935499999996,-3.6993920999999994,4.9,521,,"Monday: 9:00 AM – 1:00 PM, 3:00 – 8:00 PM; Tuesday: 9:00 AM – 1:00 PM, 3:00 – 8:00 PM; Wednesday: 9:00 AM – 1:00 PM, 3:00 – 8:00 PM; Thursday: 9:00 AM – 1:00 PM, 3:00 – 8:00 PM; Friday: 9:00 AM – 1:00 PM, 3:00 – 8:00 PM; Saturday: 9:00 AM – 1:00 PM, 3:00 – 8:00 PM; Sunday: 9:00 AM – 1:00 PM",ChIJ_VorLIUnQg0RT6FvidyC_FY,Regular Cafe,coffee_shop,2026-02-02T10:06:10.307Z
Tostado Speciality Coffee Roasters,"C. de Arboleda, 14, Puente de Vallecas, Unidad 141, Puente de Vallecas, 28031 Madrid, Spain",40.3856134,-3.6260434999999998,5,40,http://tostadocoffee.com/,Monday: 9:00 AM – 5:00 PM; Tuesday: 9:00 AM – 5:00 PM; Wednesday: 9:00 AM – 5:00 PM; Thursday: 9:00 AM – 5:00 PM; Friday: 9:00 AM – 5:00 PM; Saturday: Closed; Sunday: Closed,ChIJt2OPWX8lQg0RVSTVWsgUKYA,Regular Cafe,food,2026-02-02T10:06:10.307Z
Nomade Cafe,"Calle de los Tres Peces, 22, Centro, 28012 Madrid, Spain",40.4107147,-3.6993613,4.6,3634,,Monday: 9:00 AM – 6:00 PM; Tuesday: 9:00 AM – 6:00 PM; Wednesday: 9:00 AM – 6:00 PM; Thursday: 9:00 AM – 6:00 PM; Friday: 9:00 AM – 6:00 PM; Saturday: 9:30 AM – 6:00 PM; Sunday: 9:30 AM – 6:00 PM,ChIJ4xHrSyomQg0RfEnsLgGnOYU,Regular Cafe,brunch_restaurant,2026-02-02T10:06:10.307Z
Luso Coffee Shop | Madrid,"C. de Atocha, 60, Centro, 28012 Madrid, Spain",40.411997,-3.6986691,4.3,247,,Monday: 9:00 AM – 7:00 PM; Tuesday: 9:00 AM – 7:00 PM; Wednesday: 9:00 AM – 7:00 PM; Thursday: 9:00 AM – 7:00 PM; Friday: 9:00 AM – 7:00 PM; Saturday: 9:00 AM – 7:00 PM; Sunday: Closed,ChIJZ5PZFiomQg0RjeJYySHtBKA,Regular Cafe,coffee_shop,2026-02-02T10:06:10.307Z
ACID Café,"C. de la Verónica, 9, Centro, 28014 Madrid, Spain",40.411898,-3.6949265,4,1941,http://www.acidcafe.es/,Monday: 8:30 AM – 8:00 PM; Tuesday: 8:30 AM – 8:00 PM; Wednesday: 8:30 AM – 8:00 PM; Thursday: 8:30 AM – 8:00 PM; Friday: 8:30 AM – 8:00 PM; Saturday: 9:00 AM – 8:00 PM; Sunday: 9:00 AM – 8:00 PM,ChIJaV4bNigmQg0RHjdJsDcc1zo,Regular Cafe,coffee_shop,2026-02-02T10:06:10.307Z
SUBROSA CAFE,"Av. del Mediterráneo, 24, Retiro, 28007 Madrid, Spain",40.406934299999996,-3.6745748,4.7,801,https://subrosa-cafe.eatbu.com/,Monday: 8:30 AM – 8:30 PM; Tuesday: 8:30 AM – 8:30 PM; Wednesday: 8:30 AM – 8:30 PM; Thursday: 8:30 AM – 8:30 PM; Friday: 8:30 AM – 8:30 PM; Saturday: 9:00 AM – 8:00 PM; Sunday: Closed,ChIJ7R4JDxsmQg0Rb0hy33GbV3Y,Regular Cafe,cafe,2026-02-02T10:06:10.307Z
Habits Coffee Haus,"C. de Jorge Juan, 51, Salamanca, 28001 Madrid, Spain",40.4236413,-3.6797404000000005,4.8,96,,Monday: Closed; Tuesday: 9:00 AM – 8:00 PM; Wednesday: 8:00 AM – 7:00 PM; Thursday: 8:00 AM – 8:00 PM; Friday: 8:00 AM – 8:00 PM; Saturday: 9:00 AM – 4:00 PM; Sunday: 9:00 AM – 4:00 PM,ChIJESqNLk4pQg0RpCkQCj7LTFU,Regular Cafe,coffee_shop,2026-02-02T10:06:10.307Z
EN BRUTO I Café de Especialidad & Brunch,"C. de San Lucas, 13, Centro, 28004 Madrid, Spain",40.423742999999995,-3.6959625999999997,4.1,1020,https://enbruto.com/,Monday: 8:30 AM – 8:30 PM; Tuesday: 8:30 AM – 8:30 PM; Wednesday: 8:30 AM – 8:30 PM; Thursday: 8:30 AM – 8:30 PM; Friday: 8:30 AM – 8:30 PM; Saturday: 8:30 AM – 8:30 PM; Sunday: 8:30 AM – 8:30 PM,ChIJPf4gBngpQg0RjyW7K4FYNsg,Regular Cafe,food,2026-02-02T10:06:10.307Z
GoodNews Alcalá,"C. Alcalá, 147, Salamanca, 28001 Madrid, Spain",40.4245045,-3.6767706,4.3,220,https://goodnews.coffee/,Monday: 7:30 AM – 9:00 PM; Tuesday: 7:30 AM – 9:00 PM; Wednesday: 7:30 AM – 9:00 PM; Thursday: 7:30 AM – 9:00 PM; Friday: 7:30 AM – 9:00 PM; Saturday: 8:30 AM – 9:00 PM; Sunday: 8:30 AM – 9:00 PM,ChIJm45eSYwpQg0REs-YHzf1W0Q,Regular Cafe,coffee_shop,2026-02-02T10:06:10.307Z
Novell,"Av. de la Ciudad de Barcelona, 196, Retiro, 28007 Madrid, Spain",40.4003672,-3.6734662,4.4,1203,https://m.facebook.com/CafesNovell/posts/10153668488197768,Monday: 8:00 AM – 8:30 PM; Tuesday: 8:00 AM – 8:30 PM; Wednesday: 8:00 AM – 8:30 PM; Thursday: 8:00 AM – 8:30 PM; Friday: 8:00 AM – 8:30 PM; Saturday: 9:00 AM – 8:30 PM; Sunday: Closed,ChIJ06jexxEmQg0ReJ9B8WOvL9Q,Regular Cafe,coffee_shop,2026-02-02T10:06:10.307Z
Gosto Café,"C. del León, 30, Centro, 28014 Madrid, Spain",40.4129468,-3.6993957,4.3,824,https://instagram.com/gosto.cafe?utm_medium=copy_link,Monday: 9:00 AM – 7:00 PM; Tuesday: 9:00 AM – 6:00 PM; Wednesday: 9:00 AM – 7:00 PM; Thursday: 9:00 AM – 7:00 PM; Friday: 9:00 AM – 7:00 PM; Saturday: 9:30 AM – 7:00 PM; Sunday: 9:30 AM – 7:00 PM,ChIJZQMY1VInQg0RO1Qy5CzSOd0,Regular Cafe,brunch_restaurant,2026-02-02T10:06:10.307Z
Arrivederci Coffee,"C. de Augusto Figueroa, 18, Centro, 28004 Madrid, Spain",40.4222855,-3.6984463,4.6,407,,Monday: 9:00 AM – 8:30 PM; Tuesday: 9:00 AM – 8:30 PM; Wednesday: 9:00 AM – 8:30 PM; Thursday: 9:00 AM – 8:30 PM; Friday: 9:00 AM – 8:30 PM; Saturday: 9:30 AM – 8:30 PM; Sunday: Closed,ChIJiRIDDoYoQg0RrWcwHgIK_ec,Regular Cafe,food_store,2026-02-02T10:06:10.307Z
Etual Café,"C. de la Alameda, 8, Centro, 28014 Madrid, Spain",40.4121117,-3.6939767999999993,4.6,1061,https://etualcafe.shop/,Monday: 8:00 AM – 8:00 PM; Tuesday: 8:00 AM – 8:00 PM; Wednesday: 8:00 AM – 8:00 PM; Thursday: 8:00 AM – 8:00 PM; Friday: 8:00 AM – 8:00 PM; Saturday: 9:00 AM – 8:00 PM; Sunday: 9:00 AM – 8:00 PM,ChIJC16zGkUnQg0ReIcE-lvevkQ,Regular Cafe,cafe,2026-02-02T10:06:10.307Z
ACID Shop,"C. del Barquillo, 18, Centro, 28004 Madrid, Spain",40.4216519,-3.6955484000000003,3.7,424,http://www.instagram.com/acid.cafe,Monday: 8:00 AM – 8:00 PM; Tuesday: 8:00 AM – 8:00 PM; Wednesday: 8:00 AM – 8:00 PM; Thursday: 8:00 AM – 8:00 PM; Friday: 8:00 AM – 8:00 PM; Saturday: 9:00 AM – 8:00 PM; Sunday: 9:00 AM – 8:00 PM,ChIJIQRrGWspQg0RouJbOBtHBGw,Regular Cafe,coffee_shop,2026-02-02T10:06:10.307Z
FUDI&Co - Felipe II,"Av. de Felipe II, 13, Salamanca, 28009 Madrid, Spain",40.424302399999995,-3.6740616,4.2,204,https://fudiandco.com/,Monday: 8:00 AM – 8:00 PM; Tuesday: 8:00 AM – 8:00 PM; Wednesday: 8:00 AM – 8:00 PM; Thursday: 8:00 AM – 8:00 PM; Friday: 8:00 AM – 8:00 PM; Saturday: 9:00 AM – 8:00 PM; Sunday: 10:00 AM – 6:00 PM,ChIJnbQekM0pQg0R8lAPmgAi_Es,Regular Cafe,food_store,2026-02-02T10:06:10.307Z
Fans Coffee & Bakery,"C. del Dr. Esquerdo, 180, Retiro, 28007 Madrid, Spain",40.4017409,-3.6744364000000003,4.5,538,https://www.facebook.com/pages/category/Product-Service/Fans-Coffee-Bakery-105103210917587/,Monday: 7:00 AM – 9:00 PM; Tuesday: 7:00 AM – 9:00 PM; Wednesday: 7:00 AM – 9:00 PM; Thursday: 7:00 AM – 9:00 PM; Friday: 7:00 AM – 9:00 PM; Saturday: 8:00 AM – 9:00 PM; Sunday: 8:30 AM – 9:00 PM,ChIJBRUd1fAnQg0RedPTK0MYoL8,Regular Cafe,bakery,2026-02-02T10:06:10.307Z
OSO CAFÉ,"C. del Doce de Octubre, 28, Retiro, 28009 Madrid, Spain",40.4159861,-3.6738568000000003,4.4,65,http://www.osocafeshop.com/,"Monday: 9:30 AM – 2:00 PM, 4:30 – 8:00 PM; Tuesday: 9:30 AM – 2:00 PM, 4:30 – 8:00 PM; Wednesday: 9:30 AM – 2:00 PM, 4:30 – 8:00 PM; Thursday: 9:30 AM – 2:00 PM, 4:30 – 8:00 PM; Friday: 9:30 AM – 2:00 PM, 4:30 – 8:00 PM; Saturday: 10:00 AM – 2:00 PM; Sunday: Closed",ChIJe48SN5EpQg0RIWAMEA7GLkY,Regular Cafe,food_store,2026-02-02T10:06:10.307Z
The Bear and the Madroño,"C. del Doce de Octubre, 16, Retiro, 28009 Madrid, Spain",40.415687500000004,-3.6759560999999996,4.5,938,https://www.osocafeshop.com/,Monday: 7:30 AM – 10:00 PM; Tuesday: 7:30 AM – 10:00 PM; Wednesday: 7:30 AM – 10:00 PM; Thursday: 7:30 AM – 10:00 PM; Friday: 7:30 AM – 10:00 PM; Saturday: 9:00 AM – 10:00 PM; Sunday: 9:00 AM – 8:00 PM,ChIJ6f4mGKcoQg0RbimgEc5i7L0,Regular Cafe,coffee_shop,2026-02-02T10:06:10.307Z
Cora Gelato & Coffee Culture,"C. del Barquillo, 37, Centro, 28004 Madrid, Spain",40.423575799999995,-3.6956173999999993,4.3,735,http://www.coragelato.com/,Monday: 9:00 AM – 10:00 PM; Tuesday: 9:00 AM – 10:00 PM; Wednesday: 9:00 AM – 10:00 PM; Thursday: 9:00 AM – 10:00 PM; Friday: 9:00 AM – 10:30 PM; Saturday: 9:30 AM – 10:30 PM; Sunday: 9:30 AM – 10:30 PM,ChIJszJCaHcpQg0Rc8BqkamYd5U,Regular Cafe,coffee_shop,2026-02-02T10:06:10.307Z
Fikafé coffee bar & bakery,"Av. de Moratalaz, 187, Moratalaz, 28030 Madrid, Spain",40.409084899999996,-3.6434016000000002,4.7,344,https://linktr.ee/fikafe,Monday: 8:00 AM – 8:00 PM; Tuesday: 8:00 AM – 8:00 PM; Wednesday: 8:00 AM – 8:00 PM; Thursday: 8:00 AM – 8:00 PM; Friday: 8:00 AM – 8:00 PM; Saturday: 9:00 AM – 2:00 PM; Sunday: 9:00 AM – 2:00 PM,ChIJqW_81M0lQg0RfMSb9a6GtwE,Regular Cafe,cafeteria,2026-02-02T10:06:10.307Z
La Huevería 11 Café & Vino,"Calle del Dr. Castelo, 11, Retiro, 28009 Madrid, Spain",40.4205433,-3.6780910999999996,4.8,114,https://lahueveria11.es/,Monday: 8:00 AM – 7:00 PM; Tuesday: 8:00 AM – 7:00 PM; Wednesday: 8:00 AM – 7:00 PM; Thursday: 8:00 AM – 7:00 PM; Friday: 8:00 AM – 8:00 PM; Saturday: 9:30 AM – 8:00 PM; Sunday: 9:30 AM – 4:30 PM,ChIJQbYuUwApQg0RUcJQ-pWuSIk,Regular Cafe,coffee_shop,2026-02-02T10:06:10.307Z
Eli's specialty coffee,"C. Naciones, 3, Salamanca, 28006 Madrid, Spain",40.426821,-3.67367,5,6,,,ChIJ2XKVLuopQg0RcUvHjwP-BqA,Regular Cafe,coffee_shop,2026-01-29T21:25:40.005Z
Wash Coffee (Specialty Coffee),"C. de Manuela Malasaña, 23, Centro, 28004 Madrid, Spain",40.4286179,-3.7042774,5,36,,"Monday: 10:00 AM – 1:30 PM, 2:30 – 6:00 PM; Tuesday: 10:00 AM – 1:30 PM, 2:30 – 6:00 PM; Wednesday: 10:00 AM – 1:30 PM, 2:30 – 6:00 PM; Thursday: 10:00 AM – 1:30 PM, 2:30 – 6:00 PM; Friday: 10:00 AM – 1:30 PM, 2:30 – 7:00 PM; Saturday: 10:00 AM – 1:30 PM, 2:30 – 7:00 PM; Sunday: Closed",ChIJs5Wg194pQg0RUg9i1Cq7LEk,Regular Cafe,coffee_shop,2026-01-29T21:25:40.005Z
Norah Coffee & Brunch - Speciality Coffee,"Calle del Gral. Pardiñas, 15, Salamanca, 28001 Madrid, Spain",40.42543,-3.678831,4.8,6527,http://www.norahbrunch.es/?utm_source=GMB&utm_medium=gmb&utm_campaign=gmb&utm_id=web,Monday: 9:30 AM – 6:30 PM; Tuesday: 9:30 AM – 6:30 PM; Wednesday: 9:30 AM – 6:00 PM; Thursday: 9:30 AM – 6:30 PM; Friday: 9:30 AM – 7:00 PM; Saturday: 9:30 AM – 7:00 PM; Sunday: 9:30 AM – 7:00 PM,ChIJ2fh7Y8EpQg0RjjokkdLmxA0,Regular Cafe,brunch_restaurant,2026-01-29T21:25:40.005Z
Mooves Specialty Coffee - Café especialidad,"C/ de Ponzano, 72, Chamberí, 28003 Madrid, Spain",40.443777,-3.6987709,4.7,47,https://www.moovesspecialtycoffe.com/,Monday: 8:00 AM – 6:00 PM; Tuesday: 8:00 AM – 6:00 PM; Wednesday: 8:00 AM – 6:00 PM; Thursday: 8:00 AM – 6:00 PM; Friday: 8:00 AM – 6:00 PM; Saturday: 9:30 AM – 6:00 PM; Sunday: 9:30 AM – 6:00 PM,ChIJX6xQB7spQg0RNSeiBRqoH-8,Regular Cafe,coffee_shop,2026-01-29T21:25:40.006Z
Zeri's Specialty Coffee - Madrid,"Calle de Diego de León, 15, Salamanca, 28006 Madrid, Spain",40.43503080000001,-3.6837508000000003,4.7,45,https://zeriscoffee.com/,Monday: 8:30 AM – 6:30 PM; Tuesday: 8:30 AM – 6:30 PM; Wednesday: 8:30 AM – 6:30 PM; Thursday: 8:30 AM – 6:30 PM; Friday: 8:30 AM – 6:30 PM; Saturday: 9:00 AM – 7:00 PM; Sunday: 9:00 AM – 7:00 PM,ChIJke03YicpQg0RAEsVAkj9nt0,Regular Cafe,coffee_shop,2026-01-29T21:25:40.006Z
Hammonds Specialty Coffee,"C. de Manuela Malasaña, 39, Centro, Centro, 28004 Madrid, Spain",40.4288171,-3.7057344999999997,5,9,,,ChIJEaVlXwApQg0R6-dS427F6wY,Regular Cafe,coffee_shop,2026-01-29T21:25:40.006Z
SANTANERA Speciality Coffee,"Av. de América, 27, local A, Chamartín, 28002 Madrid, Spain",40.439186,-3.6741026,4.6,511,https://santanera.es/,Monday: 8:00 AM – 11:00 PM; Tuesday: 8:00 AM – 11:00 PM; Wednesday: 8:00 AM – 11:30 PM; Thursday: 8:00 AM – 12:00 AM; Friday: 8:00 AM – 12:00 AM; Saturday: 9:00 AM – 12:00 AM; Sunday: 8:00 AM – 11:00 PM,ChIJDUL1mQwpQg0RboORdakM9Gw,Regular Cafe,restaurant,2026-01-29T21:41:55.246Z
Roses Roast,"C. de San Bernardo, 76, Centro, 28004 Madrid, Spain",40.4281547,-3.7060507000000005,4.7,164,https://roses-roast.com/?utm_source=google&utm_medium=local&utm_campaign=gbp&utm_content=web,Monday: 8:00 AM – 8:00 PM; Tuesday: 8:00 AM – 8:00 PM; Wednesday: 8:00 AM – 8:00 PM; Thursday: 8:00 AM – 8:00 PM; Friday: 8:00 AM – 8:00 PM; Saturday: 9:00 AM – 8:00 PM; Sunday: 9:00 AM – 7:00 PM,ChIJsc1FezApQg0RqjPwj48gSGk,Regular Cafe,coffee_shop,2026-01-29T21:41:55.246Z
Kkori Korean Cakery & Specialty Coffee,"Calle de Gonzalo de Córdoba, 22, KKORI, Chamberí, 28010 Madrid, Spain",40.4324126,-3.7017757000000002,4.9,531,https://www.instagram.com/kkori_by_katcaron/,Monday: 9:30 AM – 8:00 PM; Tuesday: 9:30 AM – 8:00 PM; Wednesday: 2:00 – 8:00 PM; Thursday: 9:30 AM – 8:00 PM; Friday: 9:30 AM – 8:30 PM; Saturday: 9:30 AM – 8:30 PM; Sunday: 9:30 AM – 8:00 PM,ChIJbep36_EpQg0RJYNpXl7Y5Ag,Regular Cafe,coffee_shop,2026-01-29T21:41:55.246Z
LICENSED specialty coffee,"Calle del Cardenal Silíceo, 33, Chamartín, 28002 Madrid, Spain",40.4431576,-3.6695695,5,216,https://www.licensed.coffee/,Monday: 8:00 AM – 5:30 PM; Tuesday: 8:00 AM – 5:00 PM; Wednesday: 8:00 AM – 5:30 PM; Thursday: 8:00 AM – 5:00 PM; Friday: 8:00 AM – 5:30 PM; Saturday: 8:00 AM – 5:30 PM; Sunday: Closed,ChIJ6QeA_xkpQg0R-eeSfcyGifY,Regular Cafe,coffee_shop,2026-01-29T21:41:55.246Z
Muá! Specialty Coffee & Brunch,"Ronda de Segovia, 26, L40, Arganzuela, 28005 Madrid, Spain",40.408220299999996,-3.7159949,4.8,263,,Monday: 9:30 AM – 6:00 PM; Tuesday: Closed; Wednesday: 9:30 AM – 6:00 PM; Thursday: 9:30 AM – 6:00 PM; Friday: 9:30 AM – 6:00 PM; Saturday: 9:30 AM – 6:00 PM; Sunday: 10:00 AM – 4:00 PM,ChIJIVsWoywnQg0R3LCo3m7u-Tc,Regular Cafe,cafe,2026-01-29T21:41:55.246Z
KLARE SPECIALTY COFFEE & BRUNCH,"Calle del General Arrando, 16, Chamberí, 28010 Madrid, Spain",40.4316658,-3.6955869,4.8,393,https://www.instagram.com/klare_madrid/profilecard/?igsh=cDQyZnJ5MW83YXFl,Monday: 8:30 AM – 5:00 PM; Tuesday: 8:30 AM – 5:00 PM; Wednesday: 8:30 AM – 5:00 PM; Thursday: 8:30 AM – 5:00 PM; Friday: 8:30 AM – 5:00 PM; Saturday: 10:00 AM – 5:00 PM; Sunday: 10:00 AM – 3:00 PM,ChIJd1QNRPUpQg0RxQ3lbhgt9qY,Regular Cafe,brunch_restaurant,2026-01-29T21:41:55.246Z
Nica Specialty Coffee,"C. de Sánchez Pacheco, 55, Chamartín, 28002 Madrid, Spain",40.447683600000005,-3.6722271999999996,4.9,250,https://nicacafe.shop/,Monday: 8:00 AM – 4:00 PM; Tuesday: 8:00 AM – 4:00 PM; Wednesday: 8:00 AM – 4:00 PM; Thursday: 8:00 AM – 4:00 PM; Friday: 8:00 AM – 4:00 PM; Saturday: Closed; Sunday: Closed,ChIJEbsF4TopQg0R8u7X7onkmpA,Regular Cafe,cafeteria,2026-01-29T21:41:55.246Z
Junta Café - Specialty coffee,"C. de Padilla, 68, Salamanca, 28006 Madrid, Spain",40.4310338,-3.6741956,5,33,https://www.instagram.com/junta.cafe?igsh=MTJncjd4MWh2cHMydA%3D%3D&utm_source=qr,Monday: 9:00 AM – 7:00 PM; Tuesday: 9:00 AM – 7:00 PM; Wednesday: 9:00 AM – 7:00 PM; Thursday: 9:00 AM – 7:00 PM; Friday: 9:00 AM – 7:00 PM; Saturday: 10:00 AM – 7:00 PM; Sunday: 10:00 AM – 5:00 PM,ChIJ3eUyiWopQg0RehJcvhAH2MI,Regular Cafe,coffee_shop,2026-01-29T21:41:55.246Z
Pink Bourbon - Espresso Bar | Specialty Coffee,"Calle de Diego de León, 41, Salamanca, 28006 Salamanca, Madrid, Spain",40.4349359,-3.679686,5,345,http://www.pinkbourbon.coffee/,Monday: 7:45 AM – 7:30 PM; Tuesday: 7:45 AM – 7:30 PM; Wednesday: 7:45 AM – 7:30 PM; Thursday: 7:45 AM – 7:30 PM; Friday: 7:45 AM – 7:30 PM; Saturday: 9:00 AM – 6:00 PM; Sunday: 9:00 AM – 6:00 PM,ChIJ7RVDfd0pQg0R3mtrvmyyK-w,Regular Cafe,coffee_shop,2026-01-29T21:41:55.246Z
ALCHEMY Specialty Coffee & Brunch 3.0,"Calle de las Magnolias, 120, Tetuán, 28029 Madrid, Spain",40.4738561,-3.6890178,4.6,396,,Monday: 8:00 AM – 6:00 PM; Tuesday: 8:00 AM – 6:00 PM; Wednesday: 8:00 AM – 6:00 PM; Thursday: 8:00 AM – 6:00 PM; Friday: 8:00 AM – 6:00 PM; Saturday: 9:00 AM – 6:00 PM; Sunday: 9:00 AM – 6:00 PM,ChIJI8HRPZcpQg0R0xqKtjJkovU,Regular Cafe,coffee_shop,2026-01-29T21:41:55.246Z
SAMBU’S COFFEE (café de especialidad y Brunch/specialty coffee and Brunch),"Tr.ª del Conde Duque, 5, Centro, 28015 Madrid, Spain",40.4258616,-3.7100136999999997,4.7,136,http://www.sambuscoffee.com/,Monday: 9:00 AM – 6:30 PM; Tuesday: 9:00 AM – 6:30 PM; Wednesday: 9:00 AM – 6:30 PM; Thursday: 9:00 AM – 6:30 PM; Friday: 9:00 AM – 6:30 PM; Saturday: 10:00 AM – 7:30 PM; Sunday: 10:00 AM – 7:30 PM,ChIJv_ODlN8pQg0RFvGCgaEfU3Y,Regular Cafe,coffee_shop,2026-01-29T21:41:55.246Z
FECA Specialty Coffee & Brunch,"C. de Ferrer del Río, 23, Salamanca, 28028 Madrid, Spain",40.435215,-3.6714547000000004,4.8,704,,Monday: 8:30 AM – 2:00 PM; Tuesday: 8:30 AM – 6:00 PM; Wednesday: 8:30 AM – 6:00 PM; Thursday: 8:30 AM – 6:00 PM; Friday: 8:30 AM – 6:00 PM; Saturday: 9:30 AM – 3:00 PM; Sunday: 9:30 AM – 3:00 PM,ChIJjZOovUgpQg0RyOJ_RNLEm1E,Regular Cafe,coffee_shop,2026-01-29T21:41:55.246Z
Casa Stroop | Specialty Coffee & Brunch in Madrid,"Calle Velázquez, 104, Salamanca, 28006 Madrid, Spain",40.43468360000001,-3.6830874999999996,4.8,342,https://casastroop.com/,,ChIJoxCouXIpQg0RHtJs068a9nM,Regular Cafe,coffee_shop,2026-01-29T21:41:55.246Z
Logic Coffee-Café de Especialidad y Babo Té-Specialty coffee-Milk tea-Mochi 精品咖啡 奶茶,"C. de Guzmán el Bueno, 56, Chamberí, 28015 Madrid, Spain",40.4362736,-3.7129341,4.9,177,,Monday: 9:30 AM – 8:30 PM; Tuesday: 9:30 AM – 8:30 PM; Wednesday: 9:30 AM – 5:30 PM; Thursday: 9:30 AM – 5:00 PM; Friday: 9:30 AM – 8:30 PM; Saturday: 9:30 AM – 8:30 PM; Sunday: 10:00 AM – 7:30 PM,ChIJL0zieNQpQg0R8pmHo54j3E0,Regular Cafe,cafe,2026-01-29T21:41:55.246Z
Beik Beik (brunch & specialty coffee),"C/ de Ponce de León, 6, Chamberí, 28010 Madrid, Spain",40.4360594,-3.6984760999999997,4.8,243,https://linktr.ee/beikbeik.mad?utm_source=linktree_admin_share,Monday: Closed; Tuesday: 9:00 AM – 7:00 PM; Wednesday: 9:00 AM – 7:00 PM; Thursday: 9:00 AM – 7:00 PM; Friday: 9:00 AM – 3:00 PM; Saturday: 9:30 AM – 3:00 PM; Sunday: 9:30 AM – 3:00 PM,ChIJm0v9CyMpQg0R3EY6WS99dUY,Regular Cafe,coffee_shop,2026-01-29T21:41:55.246Z
SPECIA COFFEE BAR,"C. de las Infantas, 17, Centro, 28004 Madrid, Spain",40.4204118,-3.6984567,4.7,830,,Monday: 9:00 AM – 5:00 PM; Tuesday: 9:00 AM – 5:00 PM; Wednesday: 7:00 PM – 1:00 AM; Thursday: 7:00 PM – 2:00 AM; Friday: 9:00 AM – 2:30 AM; Saturday: 9:00 AM – 2:30 AM; Sunday: 9:00 AM – 11:00 PM,ChIJRcLkJO0pQg0RH4z-VgoMchA,Regular Cafe,coffee_shop,2026-01-29T21:41:55.246Z
East Crema Coffee Castellana (Specialty Coffee Madrid),"El Corte Inglés, C. de Raimundo Fernández Villaverde, 65, Tetuán, 28003 Madrid, Spain",40.447524699999995,-3.6946095,4.7,120,https://www.eastcrema.com/,Monday: 10:00 AM – 10:00 PM; Tuesday: 10:00 AM – 10:00 PM; Wednesday: 10:00 AM – 10:00 PM; Thursday: 10:00 AM – 10:00 PM; Friday: 10:00 AM – 10:00 PM; Saturday: 10:00 AM – 10:00 PM; Sunday: 11:00 AM – 9:00 PM,ChIJVSou-gApQg0R-lRRWghH9r8,Regular Cafe,coffee_shop,2026-01-29T21:41:55.246Z